,Unnamed: 0,from_id,id,text,miss,city,age,country,sex
0,0.0,448274815.0,18141920.0,"–ù–æ —Ö–∑, —Å –ü–æ–ª—å—à–∏ –∑–∞–∫–∞–∑–∞–ª —Å–µ–±–µ –∫—Ä–æ—Å—Å—ã –∑–∞ 2–∫ –≥—Ä–∏–≤–µ–Ω—å, –∫–æ—Ç–æ—Ä—ã–µ —Å—Ç–æ—è—Ç 3.400",—Å –ü–æ–ª—å—à–∏,Z√ºrich,26,–®–≤–µ–π—Ü–∞—Ä–∏—è,2
1,1.0,46069972.0,18122574.0,"19 –ª–µ—Ç –∂–∏–ª –≤ –£–∫—Ä–∞–∏–Ω–µ, –ø–æ—Ç–æ–º –ø–µ—Ä–µ–µ—Ö–∞–ª –≤ –ì–µ—Ä–º–∞–Ω–∏—é (–º–∞—Ç—å –Ω–µ–º–∫–∞) –±–æ–ª—å—à–µ –≤ –£–∫—Ä–∞–∏–Ω–µ –Ω–µ –±—ã–ª. –ò –Ω–∏–∫–∞–∫–æ–π –ª—é–±–≤–∏ –∫ —Å–≤–æ–µ–π ""—Ä–æ–¥–∏–Ω–µ"", –∫—Ä–æ–º–µ –®–∞—Ö—Ç–µ—Ä–∞ (—Ñ—É—Ç–±–æ–ª—å–Ω—ã–π –∫–ª—É–±) –¥–ª—è –º–µ–Ω—è –£–∫—Ä–∞–∏–Ω–∞ –∫–∞–∫ –ø—Ä–æ–¥–∞–∂–Ω–∞—è —à–ª—é—Ö–∞ —Å –†—É–º—ã–Ω–∏–∏.",—Å –†—É–º—ã–Ω–∏–∏,Berlin,None,–ì–µ—Ä–º–∞–Ω–∏—è,2
2,2.0,28360830.0,18125385.0,"[id95904221|–°—Ç–∞—Å], —è –∏ —Å —É–∫—Ä–∞–∏–Ω—ã)",—Å —É–∫—Ä–∞–∏–Ω—ã,Rƒ´ga,None,–õ–∞—Ç–≤–∏—è,2
3,3.0,115526818.0,18125431.0,–Ø —Å –£–∫—Ä–∞–∏–Ω—ã,—Å –£–∫—Ä–∞–∏–Ω—ã,–ö—Ä–∞–º–∞—Ç–æ—Ä—Å–∫,17,–£–∫—Ä–∞–∏–Ω–∞,2
0,0.0,332746001.0,17281221.0,"[id187448785|–î–∞–Ω–∏–ª], —è –∫–∞–∫ –±—ã –∑–Ω–∞—é,—è —Å –∞–≤—Å—Ç—Ä–∏–∏ –∂–∏–≤—É",—Å –∞–≤—Å—Ç—Ä–∏–∏,Wien,None,–ê–≤—Å—Ç—Ä–∏—è,1
1,1.0,299319888.0,17289603.0,"–Ø —Å –£–∫—Ä–∞–∏–Ω—ã —Ç–∞–∫ —è –≤ 5 —É–∂–µ –≤–æ—Ä–æ–≤–∞–ª –∫—Ä—ç–∫ —É –¥–µ–¥–∞, –∫–æ—Ç–æ—Ä—ã–π –≤–æ—Ä–æ–≤–∞–ª –µ–≥–æ —É —Å–≤–æ–µ–≥–æ –ø–∞–ø—ã, –∞ —Ç–æ—Ç –≤–æ—Ä–æ–≤–∞–ª —É –º–µ–Ω—Ç–æ–≤",—Å –£–∫—Ä–∞–∏–Ω—ã,–ù–µ–∂–∏–Ω,17,–£–∫—Ä–∞–∏–Ω–∞,2
2,2.0,181580088.0,17261723.0,–í–°–ï –¢–ê–ö–ò –¢–ï–ë–Ø –û–¢–ü–£–°–¢–ò–ö–ò –° –ö–ê–ó–ê–•–°–¢–ê–ù–ê,–° –ö–ê–ó–ê–•–°–¢–ê–ù–ê,–ú–æ—Å–∫–≤–∞,None,–†–æ—Å—Å–∏—è,2
3,3.0,312110146.0,17256339.0,"[id287978285|–Ø–Ω–∞], –ê–∞ –Ω—É —è—Å–Ω–æ. –Ø –≤–µ–¥—å –Ω–µ –†—É—Å—Å–∫–∏–π . –° –ö–∞–∑–∞—Ö—Å—Ç–∞–Ω–∞ —è",–° –ö–∞–∑–∞—Ö—Å—Ç–∞–Ω–∞,Las Vegas,None,–°–®–ê,2
4,4.0,21882933.0,17266731.0,–≠—Ç–æ –±–∞–∫–ª–∞–Ω—ã –º—É—Ç—è—Ç—å –ø–æ –ª—é–±–æ–º—É —Å –ü–∏—Ç–µ—Ä–∞!),—Å –ü–∏—Ç–µ—Ä–∞,–ú–æ—Å–∫–≤–∞,112,–†–æ—Å—Å–∏—è,2
5,5.0,388704531.0,17255703.0,–¢–∞ –Ω–∏—Ö—É—è —ç—Ç–æ –Ω–µ —Å –¢—É—Ä—Ü–∏–∏,—Å –¢—É—Ä—Ü–∏–∏,–ê—Å—Ç—Ä–∞—Ö–∞–Ω—å,17,–†–æ—Å—Å–∏—è,2
0,0.0,272928985.0,18163194.0,"–°–∞–º—ã–π —á–µ—Ç–∫–∏–π –Ω–æ–º–µ—Ä —Ç–ª—Ñ: 8(911)911-11-11, –∂–∞–ª—å, —á—Ç–æ –º–æ–π –Ω–æ–º–µ—Ä –∫—Ç–æ-—Ç–æ —Å –ü–∏—Ç–µ—Ä–∞ –∑–∞–Ω—è–ª, –Ω–æ —è –µ–≥–æ –æ–±—è–∑–∞—Ç–µ–ª—å–Ω–æ –≤–µ—Ä–Ω—É:D, –∞ –Ω–æ–º–µ—Ä –∞–≤—Ç–æ–º–æ–±–∏–ª—è 911, –∞ 3 –±—É–∫–≤—ã —Ç–∞–º-–∑–∞–º–µ–Ω–∏—Ç—å –∏–Ω–∏—Ü–∏–∞–ª–∞–º–∏ ""–ò 911 –ê–ò"" –ò–≤–∞–Ω–æ–≤ –ê–Ω–¥—Ä–µ–π –ò–ª—å–∏—á.",—Å –ü–∏—Ç–µ—Ä–∞,–¢–µ–º—Ä—é–∫,19,–†–æ—Å—Å–∏—è,2
1,1.0,233886046.0,18171823.0,"[id395692206|–î–æ–Ω–∞–ª—å–¥], –∞—Ö–∞—Ö–∞—Ö , —Ç–∞–∫ —ç—Ç–æ —É —Ç–µ–±—è 6 —É—Ç—Ä–∞ )) –ê —É –º–µ–Ω—è —É–∂–µ 10 —á–∞—Å–æ–≤ –¥–Ω—è ) –Ø —Ç–∞–∫ –ø–æ–Ω–∏–º–∞—é —Ç—ã —Å –ú–æ—Å–∫–≤—ã ?",—Å –ú–æ—Å–∫–≤—ã,Berlin,None,–ì–µ—Ä–º–∞–Ω–∏—è,2
2,2.0,55690596.0,18193678.0,–†—É—Å—Å—Å–∫–º–µ –ø–∞—Ä–Ω–∏ —Å –ø–∏—Ç–µ—Ä–∞ —Ç—É—Ç –µ—Å—Ç—å ?,—Å –ø–∏—Ç–µ—Ä–∞,None,None,None,2
0,0.0,73049244.0,17706699.0,"–ö—Ç–æ —Å –ü–∏—Ç–µ—Ä–∞, –ø–æ–≥–Ω–∞–ª–∏",—Å –ü–∏—Ç–µ—Ä–∞,–°–∞–Ω–∫—Ç-–ü–µ—Ç–µ—Ä–±—É—Ä–≥,None,–†–æ—Å—Å–∏—è,2
1,1.0,171760726.0,17703421.0,–î–∞ –ø–æ—Ç–æ–º—É —á—Ç–æ —É –Ω–∏—Ö –Ω–µ—Ç —Ç–∞–∫–æ–≥–æ –∫–æ–ª–∏—á–µ—Å—Ç–≤–∞ –∑–∞–∫–∞–∑–æ–≤ –∫–∞–∫ —Å –†–æ—Å—Å–∏–∏!  –†–æ—Å—Å–∏—è –ª—é–±–∏—Ç —Ö–∞–ª—è–≤—É(–Ω—É —è –ø—Ä–æ —Ç–æ —á—Ç–æ —Ç–∞–º –º–Ω–æ–≥–∏–µ –≤–µ—â–∏ —Ç–∞–∫–æ–≥–æ –¥–µ –∫–∞—á–µ—Å—Ç–≤–∞ –∫–æ—Ç–æ—Ä—ã–µ –ø—Ä–∏–≤–æ–∑—è—Ç –Ω–∞–º —Å—Ç–æ—è—Ç –¥–µ—à–µ–≤–ª–µ),—Å –†–æ—Å—Å–∏–∏,–°—Ç–µ—Ä–ª–∏—Ç–∞–º–∞–∫,None,–†–æ—Å—Å–∏—è,1
2,2.0,225274197.0,17704248.0,"[id227080025|–î–º–∏—Ç—Ä–∏–π], —è –≤—Å–µ–≥–¥–∞ —Å –ì–µ—Ä–º–∞–Ω–∏–∏ –æ—Ç–ø—Ä–∞–≤–ª—è—é. –ü–æ –ì–µ—Ä–º–∞–Ω–∏–∏ –æ–Ω–æ –∏–¥–µ—Ç –±—ã—Å—Ç—Ä–æ, –∫–∞–∫ —Ç–æ–ª—å–∫–æ –¥–æ—à–ª–æ –¥–æ –†–§ –æ–Ω–æ –≤—Å—Ç–∞–ª–æ... (–ø–∏—Å—å–º–æ –∏–ª–∏ –ø–æ—Å—ã–ª–∫–∞) –ú–æ–∂–Ω–æ –æ—Ç—Å–ª–µ–∂–∏–≤–∞—Ç—å —Å–ø–µ—Ü–∏–∞–ª—å–Ω–æ",—Å –ì–µ—Ä–º–∞–Ω–∏–∏,None,None,None,1
3,3.0,60468515.0,17709037.0,"–ö—Ç–æ –≤—Å–µ —ç—Ç–∏ –¥–æ–ª–±–æ—ë–±—ã? –û–±—ä—è—Å–Ω–∏—Ç–µ, —è —Å –ë–µ–ª–∞—Ä—É—Å–∏ –ø—Ä–æ—Å—Ç",—Å –ë–µ–ª–∞—Ä—É—Å–∏,–ì–æ–º–µ–ª—å,31,–ë–µ–ª–∞—Ä—É—Å—å,2
4,4.0,358840396.0,17690154.0,"[id36655009|–ï–ª–∏—Å–µ–π], —ç—Ç–æ –∑–Ω–∞—á–µ–Ω–∏–µ –Ω–µ –∏–º–µ–µ—Ç —Å –º–æ—Å–∫–≤—ã —è –∏–ª–∏ –Ω–µ—Ç, —è —Å –ª—é–±–æ–π —Ç–æ—á–∫–∏ –º–æ–≥—É —Ç–µ–±—è –Ω–∞–∑–≤–∞—Ç—å —Ç—É–ø–æ—Ä—ã–ª—ã–º —Å–µ–ª—è–Ω–∏–Ω–æ–º —Ç.–∫. —Ç–∞–∫–æ–≤—ã–º —Ç—ã –∏ —è–≤–ª—è–µ—à—å—Å—è. —Ä–µ–≤–æ–ª—é—Ü–∏–æ–Ω–µ—Ä —Ö—É–µ–≤.",—Å –º–æ—Å–∫–≤—ã,–î–æ–Ω–µ—Ü–∫,None,–£–∫—Ä–∞–∏–Ω–∞,2
0,0.0,216952869.0,17569683.0,"[id86963805|–ò–≥–æ—Ä—å], –¥–∞ —Å —Ö—É—è–ª–∏ –æ–Ω–∞ —É–ª—É—á—à–∞–µ—Ç—Å—è? –ß—Ç–æ —Ç—ã —Ö–æ—Ä–æ—à–µ–≥–æ —É–≤–∏–¥–µ–ª? –ò–ª–∏ —Ç—ã —Å –ü–∏—Ç–µ—Ä–∞ –∏–ª–∏ –ú–æ—Å–∫–≤—ã?",—Å –ü–∏—Ç–µ—Ä–∞,–¢—é–º–µ–Ω—å,24,–†–æ—Å—Å–∏—è,2
1,1.0,96612117.0,17582852.0,"[id242046531|–ê–Ω–∞—Ç–æ–ª–∏–π], –µ–±–∞—Ç—å –º–∞—Å–ª–æ –ø—ã—Ç–∞–µ—Ç—Å—è –≤—ã–π–≥—Ä–∞—Ç—å –∞–≤—Ç–æ–º–æ–±–∏–ª—å–Ω–æ–µ ,–ú–∞—Å–ª–æ –∫–∞—Ä–ª , –∞ —Ç—ã –ø–æ–≤–µ—Ä–∏–ª –ø—Ä–æ 200–∫ , —Ö–æ—Ç—è –º–æ–∂–µ—Ç —Å –ë–µ–ª–æ—Ä—É—Å—Å–∏–∏ –æ–Ω",—Å –ë–µ–ª–æ—Ä—É—Å—Å–∏–∏,–í–æ–ª–≥–æ–≥—Ä–∞–¥,None,–†–æ—Å—Å–∏—è,1
0,0.0,108892507.0,18278446.0,"–í–æ—Ç –≤—ã –≤—Å–µ –Ω–æ–µ—Ç –ø—Ä–æ—Å—Ä—É—Ç –ø—Ä–æ—Å—Ä—É—Ç,–∞ —è –≤–∞—â–µ —Å –ë–µ–ª–∞—Ä—É—Å–∏)",—Å –ë–µ–ª–∞—Ä—É—Å–∏,None,None,–ë–µ–ª–∞—Ä—É—Å—å,2
1,1.0,55690596.0,18285306.0,–¢—É—Ç –µ—Å—Ç—å –ø–∞—Ä–Ω–∏ —Å –ø–∏—Ç–µ—Ä–∞?,—Å –ø–∏—Ç–µ—Ä–∞,None,None,None,2
2,2.0,254090399.0,18302170.0,—è —Å –ú–æ—Å–∫–≤—ã. —Ö–∞—Ç–∞ –∫–æ–º—É –∏–Ω—Ç–µ—Ä–µ—Å–Ω–∞?,—Å –ú–æ—Å–∫–≤—ã,None,None,None,2
3,3.0,441540484.0,18306638.0,"[id93339503|Vlad], –≤ –º–æ—Å–∫–≤–µ –±—É–¥–µ—à—å —á–∏—Ä–∫–∞–Ω–∏ –ø–æ—Å–º–æ—Ç—Ä–∏–º –∫–∞–∫ –∑–∞–ø–æ–µ—à—å,–∂–∞–≤–∞–π —Ö–æ—Ö–ª–ø—è—Ç—É—à–µ–∫,—Å–∏–ª—å–Ω–æ –º–Ω–æ–≥–æ —Ç—Ä—É—Å–æ–≤ –Ω–µ –ø–∞—á–∫–∞ –∞ —Ç–æ —Ç–≤–æ—è –º–∞—Ç—å —Å –∑–∞—Ä–∞–±–æ—Ç–∫–æ–≤ —Å —Ä–æ—Å—Å–∏–∏ –∫–æ–≥–¥–∞ –ø–æ—Ä–≤–∞–Ω–Ω–∞—è –≤–µ—Ä–Ω–µ—Ç—å—Å—è –Ω–µ –æ—Å–∏–ª–∏—Ç",—Å —Ä–æ—Å—Å–∏–∏,–ú–æ—Å–∫–≤–∞,None,–†–æ—Å—Å–∏—è,2
4,4.0,201872405.0,18309831.0,"[id382981179|–ì–æ—à–∞], —Ç—ã —Ç–∏–ø–∞ —Å–µ–π—á–∞—Å —Ä–µ—à–∏–ª –ø—Ä–∏–¥—Ä–∞—Ç—å—Å—è‚Äã –∫ —á–µ–º—É-—Ç–æ , —Ç–∞–∫ –≤–æ—Ç –∞–≥–∞—Ä—á—É —Ç–µ–±—è —è —Å –ë–µ–ª–æ—Ä—É—Å–∏–∏ –µ–±–ª–∞–Ω , —á—Ç–æ —Ç—ã –º–Ω–µ –Ω–µ –Ω–∞–ø–∏—à–µ—à—å —Ç—ã –º–µ–Ω—è –Ω–µ –ø–µ—Ä–µ—Å–ø–æ—Ä–∏—à –∏–¥–∏ —Å–ª—É—à–∞–π –∫–ª–∞—Å—Å–∏–∫—É !!",—Å –ë–µ–ª–æ—Ä—É—Å–∏–∏,–ù–∞—Ä–æ—á—å,19,–ë–µ–ª–∞—Ä—É—Å—å,2
5,5.0,95414635.0,18300592.0,–∫—Ç–æ —Å –º–∏–Ω—Å–∫–∞?,—Å –º–∏–Ω—Å–∫–∞,–ú–∏–Ω—Å–∫,None,–ë–µ–ª–∞—Ä—É—Å—å,2
0,0.0,93048507.0,18114870.0,"[id126257765|–ê–ª–µ–∫—Å–∞–Ω–¥—Ä–∞], –æ–∫. –û–±—ä—è—Å–Ω–∏ –ø—Ä–æ –≤—Å–µ—Ö —Ç–∞–∫ —Å–∫–∞–∂–µ–º –ø–µ–≤—Ü–æ–≤, —á—Ç–æ —Å–≤–∞–ª–∏–ª–∏ –≤ –†–æ—Å—Å–∏—é?) –î–∞ –±–ª–∏–Ω, —É –º–µ–Ω—è –ø–æ–ª–Ω–æ –∑–Ω–∞–∫–æ–º—ã—Ö, –∫–æ—Ç–æ—Ä—ã–µ –ø—Ä–∏–µ—Ö–∞–ª–∏ —Å –£–∫—Ä–∞–∏–Ω—ã –≤ –†–æ—Å—Å–∏—é. –ê —Ç–≤–æ—è —Å—Ç–∞—Ç–∞ –≤–µ—Ä–Ω–∞, –Ω–æ —Ç—É—Ç —Å—É—Ç—å –Ω–µ –≤ —Ç–æ–º, —á—Ç–æ –æ–Ω–∏ —Å–µ–π—á–∞—Å –±–µ–≥—É—Ç, –∞ —Å—Ç–∞—Ç–∞ –≤–æ–æ–±—â–µ–º –∑–∞ –≤—Å–µ –≤—Ä–µ–º—è. –¢–∞–∫—É—é –∂–µ —Å—Ç–∞—Ç–∏—Å—Ç–∏–∫—É –º–æ–∂–Ω–æ —É–≤–∏–¥–µ—Ç—å –∏ –≤ –†–æ—Å—Å–∏–∏. –£–∫—Ä–∞–∏–Ω—Ü–µ–≤ –±—É–¥–µ—Ç –µ—â–µ –±–æ–ª—å—à–µ. –ù–∏–∫—Ç–æ —Ç—É–¥–∞ –≤ –≤–∞—à—É –£–∫—Ä–∞–∏–Ω—É –Ω–µ –±–µ–∂–∏—Ç. –ò —Ç–∞–º –ø–æ–ª —Å—Ç—Ä–∞–Ω—ã —Ä—É—Å—Å–∫–∏—Ö, –∫–∞–∫ –∏ —É–∫—Ä–∞–∏–Ω—Ü–µ–≤ –≤ –†–æ—Å—Å–∏–∏.",—Å –£–∫—Ä–∞–∏–Ω—ã,–ö–æ–º—Å–æ–º–æ–ª—å—Å–∫-–Ω–∞-–ê–º—É—Ä–µ,None,–†–æ—Å—Å–∏—è,2
1,1.0,381966100.0,18103629.0,"–±–ª–µ–µ–∞–∞–∞—Ç—å –î–µ–≤–∫–∏ —Å –º–æ—Å–∫–≤—ã –∏ —Ä—è–¥–æ–º —Å—Ç–æ—è—â–∏—Ö –≥–æ—Ä–æ–¥–æ–≤, –Ω–µ—Ç —á—Ç–æ-–ª–∏ —Ç–µ—Ö –∫—Ç–æ —Ö–æ—á–µ—Ç –ø–µ—Ä–µ—Å–µ—á—å—Å—è, –ø–æ–∫—É—Ä–∏—Ç—å –≥–∞—Ä–∏–∫–∞, –ø–æ—Å–ª—É—à–∞—Ç—å —Ö–æ—Ä–æ—à—ã–π –º—É–∑–æ–Ω—á–∏–∫, –ø–µ—Ä–µ—Ç–µ—Ä–µ—Ç—å –∑–∞ –∂–∏–∑–Ω—å?)",—Å –º–æ—Å–∫–≤—ã,None,26,None,1
2,2.0,359814851.0,18104283.0,"[id27672106|–î–∂–µ—Ñ—Ñ], —Ç–∞ —è –¥–∞–∂–µ –Ω–µ —Å –†–æ—Å—Å–∏–∏) –•–∞—Ä—å–∫–æ–≤)",—Å –†–æ—Å—Å–∏–∏,–•–∞—Ä—å–∫–æ–≤,None,–£–∫—Ä–∞–∏–Ω–∞,1
3,3.0,153023287.0,18104457.0,–î–µ–≤—É—à–∫–∏ –µ—Å—Ç—å —Å –º–æ—Å–∫–≤—ã –ø–æ–∑–Ω–∞–∫–æ–º–∏—Ç—å—Å—è —Ö–æ—á–µ—Ç—å—Å—è!? –ê –ª—É—á—à–µ —Å—Ä–∞–∑—É –∂–µ–Ω—É!üòäüòâ,—Å –º–æ—Å–∫–≤—ã,–ú–æ—Å–∫–≤–∞,25,–†–æ—Å—Å–∏—è,2
4,4.0,234431443.0,18099919.0,–ü–æ—Ç–æ–º—É —á—Ç–æ —Ç—ã –µ–±–ª–∞–Ω —Å —Ä–æ—Å—Å–∏–∏ –∞ –Ω–µ —Å –∑–∞—Ä—É–±–µ–∂–∞,—Å —Ä–æ—Å—Å–∏–∏,–ê—Ä—Ö–∞–Ω–≥–µ–ª—å—Å–∫,None,–†–æ—Å—Å–∏—è,2
0,0.0,457297585.0,18095208.0,"–ü–æ–∫–∞–∑–∞—Ç—å –±—ã —ç—Ç–æ –≤–∏–¥–µ–æ —Ç–µ–º –ú–æ—Å–∫–≤–∏—á–∞–º –∏ —Å –ü–∏—Ç–µ—Ä–∞, –∫–æ—Ç–æ—Ä—ã–µ –æ—Ä—É—Ç –≥—Ä–æ–º–∫–æ, —á—Ç–æ —É –Ω–∏—Ö –≤–µ—Ç—Ä–∞ –∏ –º–æ—Ä–æ–∑—ã –æ—â—É—â–∞—é—Ç—Å—è —Å–∏–ª—å–Ω–µ–µ –ø—Ä–∏ –∏—Ö -20 –∫–∞–∫ –≤ –Ø–∫—É—Ç–∏–∏ -50. –ê –º—ã –≤ –Ø–∫—É—Ç–∏–∏ –∂–∏–≤–µ–º –∏ —Ç–∏—Ö–æ –∂–¥–µ–º -50. –ê —Ç–æ –∏ –±–æ–ª—å—à–µ, —É –º–µ–Ω—è –≤ —á–∞—Å—Ç–Ω–æ–º –¥–æ–º–µ 3 –≥—Ä–∞–¥—É—Å–Ω–∏–∫–∞. –ü–æ —Ç–µ–ª–µ–∫—É –∏ —Ä–∞–¥–∏–æ –≥–æ–≤–æ—Ä—è—Ç, —á—Ç–æ –Ω–∞ —É–ª–∏—Ü–µ -45 –ø–æ–Ω–∏–∂–∞—è –≥—Ä–∞–¥—É—Å, —á—Ç–æ-–±—ã —Ä–∞–±–æ—Ç–∞–ª–∏ –¥–æ—Ä–æ–∂–Ω–∏–∫–∏ –∏ —Ç.–¥. —Å—Ç—Ä–∞–¥–∞—é—Ç –∫–æ–Ω–µ—á–Ω–æ –¥–µ—Ç–∏, –æ–Ω–∏ –∂–¥—É—Ç –∞–∫—Ç–∏—Ä–æ–≤–∞–Ω–Ω—ã–π –¥–µ–Ω—å, –∫–æ–≥–¥–∞ –æ–±—ä—è–≤—è—Ç -50. –ê –Ω–∞ —Å–∞–º–æ–º —Ç–æ –¥–µ–ª–µ —Ç–∞–º –≤—Å–µ -57. –ü—Ä–∏–µ–∑–∂–∞–π—Ç–µ –≤ –≥–æ—Å—Ç–∏ –≤ -57 —É –Ω–∞—Å –±–µ–∑–≤–µ—Ç—Ä–µ–Ω–Ω–æ. –û—á–µ–Ω—å —Ç–µ–ø–ª–æ –±–ª–µ–∞—Ç—å.",—Å –ü–∏—Ç–µ—Ä–∞,None,None,None,2
1,1.0,267138070.0,18087835.0,"–í–∞–ª–∏—Ç—å —Å –†–æ—Å—Å–∏–∏ –Ω–∞–¥–æ.–≤—ã –Ω–µ –ø–æ–¥—É–º–∞–π—Ç–µ —è –ª—é–±–ª—é —Å–≤–æ—é —Å—Ç—Ä–∞–Ω—É,–Ω–æ –∂–∏—Ç—å —Ç–∞–∫ –Ω–µ –≥–æ–¥–∏—Ç—Å—è.–æ—Ç –ø–∞—Ç—Ä–∏–æ—Ç–∏–∑–º–∞ –¥–æ –∏–¥–∏–æ—Ç–∏–∑–º–∞ –Ω–µ —Ç–∞–∫ —É–∂ –º–Ω–æ–≥–æ...—Ç–æ–ª—å–∫–æ –Ω–∞ —á—Ç–æ –± —Å–≤–∞–ª–∏—Ç—å –Ω–∏–∫—Ç–æ –Ω–µ –≤—ã–ø—É—Å—Ç–∏—Ç –∏ –Ω–∏–∫–æ–º—É –º—ã —Ç–∞–º –Ω–µ –Ω—É–∂–Ω—ãüòè",—Å –†–æ—Å—Å–∏–∏,None,28,–†–æ—Å—Å–∏—è,2
2,2.0,439437105.0,18087474.0,"[id51550786|–ê–ª–µ–∫—Å–∞–Ω–¥—Ä], –µ—Å–ª–∏ –æ–Ω —Å —É–∫—Ä–∞–∏–Ω—ã, —Ç–æ –¥–∞, –Ω–∞—Ö—É–π –æ–Ω –∏–º –Ω—É–∂–µ–Ω. —è –ø—Ä–æ —Ä–∞—à–∫—É –≥–æ–≤–æ—Ä—é",—Å —É–∫—Ä–∞–∏–Ω—ã,None,None,–°–µ–Ω—Ç-–ü—å–µ—Ä –∏ –ú–∏–∫–µ–ª–æ–Ω,2
3,3.0,457287606.0,18088284.0,–ï—Å—Ç—å –∫—Ç–æ —Å –ú–æ—Å–∫–≤—ã –¥–µ–≤–æ—á–∫–∏,—Å –ú–æ—Å–∫–≤—ã,–ú–æ—Å–∫–≤–∞,22,–†–æ—Å—Å–∏—è,2
4,4.0,247061216.0,18072129.0,"
–í —ç—Ç–æ—Ç —Ç–æ —Ä–∞–∑ –¥–µ–Ω—å–≥–∞–º–∏ –Ω–µ –æ—Ç–¥–µ–ª–∞—Ç—å—Å—è —ç—Ç–æ –Ω–µ –æ–±—ã—á–Ω—ã–π –Ω–∞—á–∞–ª—å–Ω–∏–∫ —Å –ú–æ—Å–∫–≤—ãüòÇ",—Å –ú–æ—Å–∫–≤—ã,None,None,–†–æ—Å—Å–∏—è,2
0,0.0,14802972.0,17412174.0,"[id225081204|–î–µ–Ω–∏—Å], —Å –ë–µ–ª–æ—Ä—É—Å–∏?)–¢–∞–º –≤—Ä–æ–¥–µ –¥–µ–Ω–æ–º–∏–Ω–∞—Ü–∏—è –ø—Ä–æ—à–ª–∞)",—Å –ë–µ–ª–æ—Ä—É—Å–∏,–†—è–∑–∞–Ω—å,25,–†–æ—Å—Å–∏—è,2
0,0.0,27952782.0,17895660.0,"[id158466710|–ú–∏–∫–æ–ª–∞], —Ç—ã –æ—Ç–≤–µ—Ç—å –Ω–∞ –≤–æ–ø—Ä–æ—Å—ã —Å–≤–∏–Ω–∏–Ω–∞ —Ç—ã —Ç—É—Ö–ª–∞—è. –≠—Ç–æ –≤–æ –ø–µ—Ä–≤—ã—Ö) –≤–æ –≤—Ç–æ—Ä—ã—Ö –∫ —Ä—É—Å—Å–∫–∏–º –Ω–µ –∏–º–µ—é –æ—Ç–Ω–æ—à–µ–Ω–∏—è, —è —Å –ú–æ–ª–¥–∞–≤–∏–∏",—Å –ú–æ–ª–¥–∞–≤–∏–∏,–¢–∏—Ä–∞—Å–ø–æ–ª—å,24,–ú–æ–ª–¥–æ–≤–∞,2
1,1.0,433186325.0,17892092.0,—è —Å –ö–∞–∑–∞—Ö—Å—Ç–∞–Ω–∞),—Å –ö–∞–∑–∞—Ö—Å—Ç–∞–Ω–∞,None,14,None,2
2,2.0,273059722.0,17892100.0,"–Ø —Å –ö–∞–∑–∞—Ö—Å—Ç–∞–Ω–∞, —á—Ç–æ –∑–∞ –∂–æ–ø–æ–ª–∏–∑–∞–Ω–∏–µ –∏ –ø–∑–¥–µ—à—å?!?",—Å –ö–∞–∑–∞—Ö—Å—Ç–∞–Ω–∞,–£—Å—Ç—å-–ö–∞–º–µ–Ω–æ–≥–æ—Ä—Å–∫,29,–ö–∞–∑–∞—Ö—Å—Ç–∞–Ω,2
3,3.0,74035927.0,17892161.0,"–° –ö–∞–∑–∞—Ö—Å—Ç–∞–Ω–∞ , —Å –ö–∞—Ä–∞–≥–∞–Ω–¥—ã , –í–∞–Ω—è.–£ –º–µ–Ω—è –≤—Å–µ ...",–° –ö–∞–∑–∞—Ö—Å—Ç–∞–Ω–∞,–ö–∞—Ä–∞–≥–∞–Ω–¥–∞,None,–ö–∞–∑–∞—Ö—Å—Ç–∞–Ω,2
4,4.0,105881348.0,17892165.0,"–í —à–∫–æ–ª—å–Ω—ã–µ –≥–æ–¥—ã —Å–æ –º–Ω–æ–π –≤ –æ–¥–Ω–æ–º –∫–ª–∞—Å—Å–µ —É—á–∏–ª—Å—è –ø–∞—Ä–Ω–∏—à–∞ –ø–µ—Ä–µ–µ—Ö–∞–≤—à–∏–π —Å –ö–∞–∑–∞—Ö—Å—Ç–∞–Ω–∞. –ù–∞ –≤–æ–ø—Ä–æ—Å –ø–æ—á–µ–º—É –æ—Ç —Ç—É–¥–∞ —á—É—Ö–Ω—É–ª–∏, –æ–Ω –æ—Ç–≤–µ—Ç–∏–ª, —á—Ç–æ –ø–æ—Å–ª–µ —Ä–∞–∑–≤–∞–ª–∞ –°–°–°–†, —Ç–∞–º –Ω–∞—á–∞–ª–∏ —Ä—É—Å—Å–∫–∏—Ö –≤—ã—Ä–µ–∑–∞—Ç—å.",—Å –ö–∞–∑–∞—Ö—Å—Ç–∞–Ω–∞,–°–º–æ–ª–µ–Ω—Å–∫,None,–†–æ—Å—Å–∏—è,2
5,5.0,217215945.0,17892298.0,"[id84308907|–ï–≤–≥–µ–Ω–∏–π], —Å –ö–∞–∑–∞—Ö—Å—Ç–∞–Ω–∞ –Ω–µ –µ–¥—É—Ç –∂—Ç–æ —Å –¥—Ä—É–≥–∏—Ö —Å—Ç—Ä–∞–Ω –≤—Ä–æ–¥–µ –∫—ã—Ä–≥—ã–∑—Å—Ç–∞–Ω–∞, —É–∑–±–µ–∫–∏—Å—Ç–∞–Ω–∞,—Ç–∞–¥–∂–∏–∫–∏—Å—Ç–∞–Ω–∞ –∏ —Ç.–¥. –∫–∞–∑–∞—Ö–æ–≤ –≥–∞—Å—Ç–∞—Ä–±–∞–π—Ç–µ—Ä–æ–≤ –≤ —Ä–æ—Å—Å–∏–∏ –æ—á–µ–Ω—å –º–∞–ª–æ",—Å –ö–∞–∑–∞—Ö—Å—Ç–∞–Ω–∞,–°–∞–Ω–∫—Ç-–ü–µ—Ç–µ—Ä–±—É—Ä–≥,None,–†–æ—Å—Å–∏—è,2
6,6.0,105881348.0,17892347.0,"[id240482529|–¢–∞–ª–∞–ø—Ç–∞–Ω], –Ω–µ –±—ã–ª–æ? –Ø –Ω–∞–ø–∏—Å–∞–ª, —á—Ç–æ –∫–æ–≥–¥–∞ —É—á–∏–ª—Å—è, –º–Ω–µ —Ç–æ–≤–∞—Ä–∏—â —Ä–∞—Å—Å–∫–∞–∑—ã–≤–∞–ª, —á—Ç–æ –æ–Ω–∏ —á—É—Ö–Ω—É–ª–∏ —Å –ö–∞–∑–∞—Ö—Å—Ç–∞–Ω–∞ –∏–∑-–∑–∞ —Ç–æ–≥–æ, —á—Ç–æ —Å—Ä–∞–∑—É –ø–æ—Å–ª–µ —Ä–∞–∑–≤–∞–ª–∞ –°–°–°–† —Ç–∞–º –Ω–∞—á–∞–ª–∏ –≤—ã—Ä–µ–∑–∞—Ç—å —Ä—É—Å—Å–∫–∏—Ö.

–¢—ã –º–Ω–µ –≥–æ–≤–æ—Ä–∏—à—å, —á—Ç–æ —ç—Ç–æ–≥–æ –Ω–µ –±—ã–ª–æ? –î–∞ —è —Å –Ω–∏–º –æ—Ç—É—á–∏–ª—Å—è —Å 5 –ø–æ 11 –∫–ª–∞—Å—Å, —Ç—ã –º–Ω–µ –≥–æ–≤–æ—Ä–∏—à—å —á—Ç–æ —ç—Ç–æ–≥–æ –Ω–µ –±—ã–ª–æ, –¥–∞ –æ—Ç–∫—É–¥–∞ —Ç–µ–±–µ –∑–Ω–∞—Ç—å? –Ø —à–∫–æ–ª—É –∑–∞–∫–æ–Ω—á–∏–ª, –∫–æ–≥–¥–∞ —Ç–µ–±–µ –∏ 5 –ª–µ—Ç –Ω–µ –±—ã–ª–æ.",—Å –ö–∞–∑–∞—Ö—Å—Ç–∞–Ω–∞,–°–º–æ–ª–µ–Ω—Å–∫,None,–†–æ—Å—Å–∏—è,2
7,7.0,62356503.0,17892561.0,–ö—Ç–æ —Å –ö–∞–∑–∞—Ö—Å—Ç–∞–Ω–∞ –ª–∞–π–∫),—Å –ö–∞–∑–∞—Ö—Å—Ç–∞–Ω–∞,–ú–æ—Å–∫–≤–∞,None,–†–æ—Å—Å–∏—è,2
8,8.0,449864693.0,17892806.0,"–¢–æ-—Ç–æ –∫—É—á–∞ —Ä—É—Å—Å–∫–∏—Ö —É–µ—Ö–∞–ª–∏ –æ—Ç —Ç—É–¥–∞. –≠—Ç–æ –≤ –†–æ—Å—Å–∏–∏ –≤—Å–µ–º –º–µ—Å—Ç–∞ —Ö–≤–∞—Ç–∞–µ—Ç, –∞ –≤ –ö–∞–∑–∞—Ö—Å—Ç–∞–Ω–µ —ç—Ç–∏ 6 —á–µ–ª–æ–≤–µ–∫ –Ω–∞ –∫–≤ –∫–º –ø–æ–ø—Ä–æ—Å—è—Ç —Å–≤–∞–ª–∏—Ç—å. –£ –Ω–∞—Å –º–Ω–æ–≥–æ —Ä—É—Å—Å–∫–∏—Ö —Å –ö–∞–∑–∞—Ö—Å—Ç–∞–Ω–∞ –∏ —á—ë—Ç –µ—Ö–∞–ª–∏ –æ–Ω–∏ —Å—é–¥–∞ –Ω–µ –æ—Ç —Ö–æ—Ä–æ—à–µ–π –∂–∏–∑–Ω–∏. –í –ö–∞–∑–∞—Ö—Å—Ç–∞–Ω–µ –º–æ–∂–Ω–æ –æ—Ç–¥—ã—Ö–∞—Ç—å, –Ω–æ –Ω–µ –∂–∏—Ç—å. –ö–∞–∫ –ù–∞–∑–∞—Ä–±–∞–µ–≤ –≤ —è—â–∏–∫ —Å—ã–≥—Ä–∞–µ—Ç, —Ç–æ –≤–æ–æ–±—â–µ —Ö–∑ —á—ë –±—É–¥–µ—Ç. –ï—Å–ª–∏ –¥–∞–∂–µ –≤ —Ä–µ—Å–ø—É–±–ª–∏–∫–∞—Ö –≤ —Å–æ—Å—Ç–∞–≤–µ –†–æ—Å—Å–∏–∏ –Ω–µ –æ—á–µ–Ω—å –≤—Å—ë —Ö–æ—Ä–æ—à–æ –ø–æ –º–µ–∂–Ω–∞—Ü–∏–æ–Ω–∞–ª–∫–µ, —Ç–æ —á—Ç–æ —É–∂ –≥–æ–≤–æ—Ä–∏—Ç—å –æ –ö–∞–∑–∞—Ö—Å—Ç–∞–Ω–µ.",—Å –ö–∞–∑–∞—Ö—Å—Ç–∞–Ω–∞,–Ø–ª—É—Ç–æ—Ä–æ–≤—Å–∫,30,–†–æ—Å—Å–∏—è,2
9,9.0,281073455.0,17892867.0,–Ø —Å –ö–∞–∑–∞—Ö—Å—Ç–∞–Ω–∞,—Å –ö–∞–∑–∞—Ö—Å—Ç–∞–Ω–∞,None,None,None,2
10,10.0,439437105.0,17893510.0,"[id237769556|–ï–≤–≥–µ–Ω–∏—è], –¢—ã —Å –ö–∞–∑–∞—Ö—Å—Ç–∞–Ω–∞?",—Å –ö–∞–∑–∞—Ö—Å—Ç–∞–Ω–∞,None,None,–°–µ–Ω—Ç-–ü—å–µ—Ä –∏ –ú–∏–∫–µ–ª–æ–Ω,2
11,11.0,237769556.0,17893673.0,"[id439437105|–ê–ª–µ–∫—Å–∞–Ω–¥—Ä], –î–∞ —è —Å –ö–∞–∑–∞—Ö—Å—Ç–∞–Ω–∞.",—Å –ö–∞–∑–∞—Ö—Å—Ç–∞–Ω–∞,Praha,20,–ß–µ—Ö–∏—è,1
12,12.0,210927790.0,17893781.0,"–Ø —Å –ö–∞–∑–∞—Ö—Å—Ç–∞–Ω–∞,–∏ —è —Ö–æ—á—É —É–º–µ—Ä–µ—Ç—å(",—Å –ö–∞–∑–∞—Ö—Å—Ç–∞–Ω–∞,None,None,–ì–æ–Ω–¥—É—Ä–∞—Å,2
13,13.0,441582319.0,17894013.0,"–¢–æ —á—É–≤—Å—Ç–≤–æ, –∫–æ–≥–¥–∞ –∞–¥–º–∏–Ω–∏—Å—Ç—Ä–∞—Ç–æ—Ä—ã –ø–æ–º–µ–Ω—è–ª–∏—Å—å –∏ —Ç–µ–ø–µ—Ä—å –æ–Ω–∏ —Å –ö–∞–∑–∞—Ö—Å—Ç–∞–Ω–∞",—Å –ö–∞–∑–∞—Ö—Å—Ç–∞–Ω–∞,–û—Ä–µ–Ω–±—É—Ä–≥,28,–†–æ—Å—Å–∏—è,2
14,14.0,94269626.0,17894651.0,–Ø —Å –ö–∞–∑–∞—Ö—Å—Ç–∞–Ω–∞)–∏ —è –†—É—Å—Å–∫–∏–π,—Å –ö–∞–∑–∞—Ö—Å—Ç–∞–Ω–∞,–ü–∞–≤–ª–æ–¥–∞—Ä,23,–ö–∞–∑–∞—Ö—Å—Ç–∞–Ω,2
15,15.0,270492884.0,17899881.0,"[id6904008|–ï—Ñ–∏–º], –¥–µ—Ç—Å–∫–∞—è —Ç—Ä–∞–≤–º–∞? –ö —Ç–µ–±—è –≤–∏–¥–∏–º–æ –±—Ä–æ—Å–∏–ª–∏. –ö—Ç–æ —Ç–æ —Å –ö–∞–∑–∞—Ö—Å—Ç–∞–Ω–∞",—Å –ö–∞–∑–∞—Ö—Å—Ç–∞–Ω–∞,–ê—Å—Ç–∞–Ω–∞,33,–ö–∞–∑–∞—Ö—Å—Ç–∞–Ω,2
16,16.0,216074274.0,17902028.0,–°–∞–ª–∞–º —Å –ö–∞–∑–∞—Ö—Å—Ç–∞–Ω–∞,—Å –ö–∞–∑–∞—Ö—Å—Ç–∞–Ω–∞,–ê—Ç—ã—Ä–∞—É,None,–ö–∞–∑–∞—Ö—Å—Ç–∞–Ω,2
17,17.0,335559108.0,17904418.0,"[id376430471|–ê–Ω–¥—Ä–µ–π], —è —Å–∞–º —Å –†–æ—Å—Å–∏–∏, –∫–∞–∑–∞—Ö—Å–∫–∏–π –Ω–µ –∑–Ω–∞—é. –•–æ—Ç—è —Å–∞–º –∫–∞–∑–∞—Ö. –ë—ã–ª —Ç–æ–ª—å–∫–æ –≤ —Å–µ–≤–µ—Ä–Ω—ã—Ö –≥–æ—Ä–æ–¥–∞—Ö. –ê—Å—Ç–∞–Ω–∞, –ê–∫—Ç—é–±–∏–Ω—Å–∫–µ –∏ –≤ –£—Ä–∞–ª—å—Å–∫–µ. –í—Å–µ –Ω–∞ —Ä—É—Å—Å–∫–æ–º —Ä–∞–∑–≥–æ–≤–∞—Ä–∏–≤–∞—é—Ç. –û—Å–æ–±–µ–Ω–Ω–æ –≤ –£—Ä–∞–ª—å—Å–∫–µ. –ù–∞–≤–µ—Ä–Ω–æ –ø–æ—Ç–æ–º—É —á—Ç–æ —Ä—É—Å—Å–∫–æ-—è–∑—ã—á–Ω–æ–≥–æ –Ω–∞—Å–µ–ª–µ–Ω–∏—è –±–æ–ª—å—à–µ. –í–æ –≤—Å–µ–º –ö–∞–∑–∞—Ö—Å—Ç–∞–Ω–µ —Ä—É—Å—Å–∫–∏—Ö –∏ –∫–∞–∑–∞—Ö–æ–≤ –≥–¥–µ-—Ç–æ 50/50.",—Å –†–æ—Å—Å–∏–∏,–û—Ä–µ–Ω–±—É—Ä–≥,27,–†–æ—Å—Å–∏—è,2
18,18.0,449880017.0,17932523.0,–Ø —Å –ö–∞–∑–∞—Ö—Å—Ç–∞–Ω–∞  –∫–∞–∑–∞—à–∫–∞  —Å –ê–ª–º–∞—Ç—ã –∏ —è –¥—É–º–∞—é –ø—Ä–∏—á–µ–º —Ç—É—Ç –ö–∞–∑–∞—Ö—Å—Ç–∞–Ω  –ª—é–¥–∏ —Å–∞–º–∏ —Ä–µ—à–∞—é—Ç –≥–¥–µ –∂–∏—Ç—å –∫—É–¥–∞ —É–µ—Ö–∞—Ç—å —ç—Ç–æ –Ω–µ  –∑–∞–≤–∏—Å–∏—Ç  –æ—Ç —Ä–æ–¥–∏–Ω—ã —è –Ω–∞–ø—Ä–∏–º–µ—Ä —Ö–æ—á—É —Å–≤–∞–ª–∏—Ç—å –≤ –†–æ—Å—Å–∏—é –º–Ω–µ –Ω—Ä–∞–≤–∏—Ç—Å—è  –ú–æ—Å–∫–≤–∞ –∏ –ø—Ä–æ—Ç–∏–≤ –Ω–∏—á–µ–≥–æ –Ω–µ –∏–º–µ—é —è –ø—Ä–æ—Å—Ç–æ –Ω–µ –º–æ–≥—É –ø–æ–Ω—è—Ç—å –∑–∞—á–µ–º –ø—Ä–æ—Å—Ç–æ —Ç—É—Ç —Å–∏–¥–µ—Ç—å —Ä–µ–±—è—Ç–∞ –∏ –¥—Ä—É–≥ –¥—Ä—É–≥–∞ –º–∞—Ç–µ—Ä–∏—Ç—å –Ω—É –∏ –Ω–∞—Ñ–∏–≥  —Ä–µ–±—è—Ç–∞ –¥–∞–≤–∞–π—Ç–µ –∂–∏—Ç—å –¥—Ä—É–∂–Ω–æ –∫–∞–∂–¥–∞—è —Å—Ç—Ä–∞–Ω–∞ –ø–æ —Å–≤–æ–µ–º—É –∫—Ä–∞—Å–∏–≤–∞—è –∏ –ø—Ä–µ–∫—Ä–∞—Å–Ω–∞—è,—Å –ö–∞–∑–∞—Ö—Å—Ç–∞–Ω–∞,–ê–ª–º–∞—Ç—ã,None,–ö–∞–∑–∞—Ö—Å—Ç–∞–Ω,1
19,19.0,273557123.0,17895043.0,–Ø –æ—Ç–Ω–æ—à—É—Å—å –∫ —Ç–æ–º—É —á—Ç–æ –Ω–∞–¥–æ –≤–∞–ª–∏—Ç—å —Å –†–æ—Å—Å–∏–∏,—Å –†–æ—Å—Å–∏–∏,–ú—É—Ä–º–∞–Ω—Å–∫,116,–†–æ—Å—Å–∏—è,2
20,20.0,66194922.0,17888336.0,"[id244221975|–ü—Ä–∞—Å–∫–æ–≤—å—è], –∞ —á–µ—Ä—Ç, —Ç—ã –∂–µ —Å –£–∫—Ä–∞–∏–Ω—ã",—Å –£–∫—Ä–∞–∏–Ω—ã,–ú–æ—Å–∫–≤–∞,None,–†–æ—Å—Å–∏—è,2
21,21.0,424014739.0,17888203.0,"[id357409437|–ù–∏–∫–æ–ª–∞–π], –ø—Ä–∏—Å–ª–∞–ª–∏ —Å –ú–æ–ª–¥–∞–≤–∏–∏ –≤–∏–Ω–∞ üòúüòã",—Å –ú–æ–ª–¥–∞–≤–∏–∏,None,26,None,2
0,0.0,228392188.0,17493629.0,"[id286907287|–ê–ª–µ–∫—Å–∞–Ω–¥—Ä], —Å–µ–π—á–∞—Å –º–Ω–æ–≥–∏–µ —Ä–æ—Ñ–ª—è—Ç —Å —ç—Ç–æ–≥–æ, –Ω–æ —è —Å –£–∫—Ä–∞–∏–Ω—ãüòâ",—Å –£–∫—Ä–∞–∏–Ω—ã,Berlin,19,–ì–µ—Ä–º–∞–Ω–∏—è,2
1,1.0,150351110.0,17484953.0,"–•–æ—Ä–æ—à–æ —á—Ç–æ —É–µ—Ö–∞–ª —Å –£–∫—Ä–∞–∏–Ω—ã, –ü–û–ó–û–†–ò–©–ï –ê –ù–ï –°–¢–†–ê–ù–ê",—Å –£–∫—Ä–∞–∏–Ω—ã,–†—è–∑–∞–Ω—å,25,–†–æ—Å—Å–∏—è,2
2,2.0,299413210.0,17488093.0,–ö–æ–≥–¥–∞ —Ç—ã —Å –∫–∏–µ–≤–∞ –∏ –≤–æ–æ–±—â–µ –ø–æ—Ö—É–π,—Å –∫–∏–µ–≤–∞,–ö–∏–µ–≤,23,–£–∫—Ä–∞–∏–Ω–∞,2
3,3.0,331023114.0,17498838.0,"[id429705535|–†–æ–º–∞–Ω], —É —Ç–µ–±—è –º–æ–∑–≥–∏ –≤–æ–æ–±—â–µ –Ω–∞ –±–µ–∫—Ä–µ–Ω—å.
–ü–æ—á–∏—Ç–∞–π –∫–Ω–∏–∂–µ–∫ —á—Ç–æ-–ª–∏, —É–∑–Ω–∞–π –∫—Ç–æ —Ç–∞–∫–æ–π –ú–∞—Ö–Ω–æ –∏ —á—Ç–æ —Å –Ω–∏–º —Å–¥–µ–ª–∞–ª–∞ –∫—Ä–∞—Å–Ω–∞—è –ø–∞–¥–∞–ª—å –≤ –ª–∏—Ü–µ –±–æ–ª—å—à–µ–≤–∏–∫–æ–≤. –¢—ã –¥–∞–∂–µ –Ω–∞—á–∞–ª–æ –∞–π–∑–±–µ—Ä–≥–∞ –Ω–µ –≤–∏–¥–∏—à—å, –∞ —É–∂–µ –ª–µ–∑–µ—à—å –≤ —Å–ø–æ—Ä—ã.
–ú–∞–ª–æ–π, —è —Å—Ç–∞—Ä—à–µ —Ç–µ–±—è –ª–µ—Ç –Ω–∞ 5-6 —Ç–æ—á–Ω–æ, —É –º–µ–Ω—è –∫ —Ç–µ–±–µ –Ω–∏–∫–∞–∫–æ–π –Ω–µ–Ω–∞–≤–∏—Å—Ç–∏ - –º–Ω–µ —Ç–µ–±—è –∂–∞–ª—å. –ï—Å–ª–∏ —Ä–µ–∞–ª—å–Ω–æ –∏–Ω—Ç–µ—Ä–µ—Å–Ω–æ, –ø–æ—á–∏—Ç–∞–π –æ –ú–∞—Ö–Ω–æ, —É–∑–Ω–∞–π –∑–∞ —á—Ç–æ –±–æ—Ä–æ–ª–∏—Å—å –∞–Ω–∞—Ä—Ö–∏—Å—Ç—ã, —É–∑–Ω–∞–π –∫–∞–∫ —Å–≤–æ–∏—Ö –∂–µ —Ä–µ–±—è—Ç –∫—Ä–∞—Å–Ω–∞—è –ø–∞–¥–∞–ª—å —É–±–∏–≤–∞–ª–∞ –∏ –∫–∞–∫ –æ–Ω–∏ –¥–µ–ª–∞–ª–∏ —Ä–µ–≤–æ–ª—é—Ü–∏—é –∑–∞ –±–∞–±–∫–∏ —Å –≥–µ—Ä–º–∞–Ω–∏–∏.",—Å –≥–µ—Ä–º–∞–Ω–∏–∏,–°–∞—Ä–∞—Ç–æ–≤,None,–†–æ—Å—Å–∏—è,2
4,4.0,372735006.0,17465829.0,"[id154537035|–ê–Ω–¥—Ä–µ–π], –ß–µ–ª —è —Å –∫–∞–∑–∞—Ö—Å—Ç–∞–Ω–∞, —è –º–æ–≥—É –≥–æ–≤–æ—Ä–∏—Ç—å –∫–∞–∫ –Ω–∞ —Ç–≤–æ–µ–º —è–∑—ã–∫–µ —Ç–∞–∫ –∏ –Ω–∞ –Ω–∞—à–µ–º) –∫—Ç–æ —Ç—É–ø–µ–µ —Ç–æ—Ç –∫—Ç–æ –∑–Ω–∞–µ—Ç 2 —è–∑—ã–∫–∞ –∏–ª–∏ —Ç–æ—Ç –∫—Ç–æ –∏—Å–ø—Ä–∞–≤–ª—è–µ—Ç –ø–æ–¥—á–µ—Ä–∫–Ω—É—Ç–æ–µ –Ω–∞ —Ä–æ–¥–Ω–æ–º —è–∑—ã–∫–µ?) –ê —Ç—ã –Ω–µ –æ–≥–æ—Ä—á–∞–π—Å—è –∏ –Ω–µ –Ω–æ–π, —á—Ç–æ –≤—Å–µ –ø—Ä–∞–∑–¥–Ω–∏–∫–∏ –æ–¥–∏–Ω, –º–æ–∂–µ—Ç —Ç—ã –∏ –æ–¥–∏–Ω –ø–æ—Ç–æ–º—É —á—Ç–æ —Ç–∞–∫–æ–π –Ω—ã—Ç–∏–∫)",—Å –∫–∞–∑–∞—Ö—Å—Ç–∞–Ω–∞,None,25,None,2
0,0.0,116761305.0,17847157.0,—Å–∞–º–æ–µ —Ä–∂–∞—á–Ω–æ–µ –≤ —ç—Ç–æ–º –º–æ–º–µ–Ω—Ç–µ —á—Ç–æ —Å—É–¥—å—è —á—É—Ä–∫–∞)) –•–æ—Ç—è —Å –£–∫—Ä–∞–∏–Ω—ã –∫—Ä–∏—á–∞—Ç –ø—Ä–æ –ú–∞—Å–∫–≤–æ–±–∞–¥)ü§£ü§£ü§£üòÑ,—Å –£–∫—Ä–∞–∏–Ω—ã,–û–¥–µ—Å—Å–∞,27,–£–∫—Ä–∞–∏–Ω–∞,2
1,1.0,259156875.0,17841569.0,"[id244673834|Tyrikvednbiu], üòÜü§¶üèª‚Äç‚ôÇÔ∏è —è —Å –ö–∞–∑–∞—Ö—Å—Ç–∞–Ω–∞ –Ω–æ –ø–æ—Å–ª–µ —Ç–≤–æ–µ–≥–æ –∫–æ–º–º–µ–Ω—Ç–∞ –∫ –∫—É–º—ã—Å—É –Ω–µ –ø—Ä–∏—Ç—Ä–æ–Ω—É—Å—å )",—Å –ö–∞–∑–∞—Ö—Å—Ç–∞–Ω–∞,–£–∑—ã–Ω–∞–≥–∞—à,16,–ö–∞–∑–∞—Ö—Å—Ç–∞–Ω,2
2,2.0,284198214.0,17842129.0,"–Ø —Å –ö–∞–∑–∞—Ö—Å—Ç–∞–Ω–∞ –∏ –∫—É–º—ã—Å –¥–µ–π—Å—Ç–≤–∏—Ç–µ–ª—å–Ω–æ –ø–æ–ª–µ–∑–Ω—ã–π –Ω–∞–ø–∏—Ç–æ–∫ —á–µ–º –≤–æ–¥–∫–∞,–ø–∏–≤–æ –∏ —Ç.–¥!",—Å –ö–∞–∑–∞—Ö—Å—Ç–∞–Ω–∞,–£—Å—Ç—å-–ö–∞–º–µ–Ω–æ–≥–æ—Ä—Å–∫,None,–ö–∞–∑–∞—Ö—Å—Ç–∞–Ω,2
3,3.0,124515550.0,17884913.0,"[id308586740|–ú–∏—Ö–∞–∏–ª], —è —Å –±–µ–ª–∞—Ä—É—Å–∏)",—Å –±–µ–ª–∞—Ä—É—Å–∏,–ü–∏–Ω—Å–∫,24,–ë–µ–ª–∞—Ä—É—Å—å,2
4,4.0,278897450.0,17834739.0,–ü–æ–∑–Ω–∞–∫–æ–º–ª—é—Å—å —Å –¥–µ–≤—É—à–∫–æ–π —Å –£–∫—Ä–∞–∏–Ω—ã,—Å –£–∫—Ä–∞–∏–Ω—ã,None,None,–†–æ—Å—Å–∏—è,2
5,5.0,381349881.0,17828481.0,"[id447736494|–ê–Ω—Ç–æ–Ω], ""–Ω–µ –ø–∏–∑–¥–∏""... –í–∞—Ö–∞—Ö–∞....–≤–µ–ª–∏–∫–∏–π —Ä–æ—Å—Å–∏–π—Å–∫–∏–π –¥–∏–∞–ª–µ–∫—Ç. –ö—É–ª—å—Ç—É—Ä–∞ –∞–∂ –ø—Ä—ë—Ç. –í—ã –Ω–µ —Å –ü–∏—Ç–µ—Ä–∞ —Å–ª—É—á–∞–π–Ω–æ??))",—Å –ü–∏—Ç–µ—Ä–∞,–ö—Ä–∏–≤–æ–π –†–æ–≥,None,–£–∫—Ä–∞–∏–Ω–∞,2
6,6.0,169090907.0,17793122.0,–•—Ç–æ —Ç–∞–º —Å –ë–µ–ª–∞—Ä—É—Å–∏?,—Å –ë–µ–ª–∞—Ä—É—Å–∏,–ö–∞—Ä–∞—á–µ–≤,107,–†–æ—Å—Å–∏—è,1
7,7.0,55074321.0,17795468.0,"–ò –≤–æ–±—â–µ,  —Å–æ–≤–µ—Ç—É—é –ª–∏–≤–µ—Ä–∫—É —Å –ø–µ—á–µ–Ω—å—é —Å –±–µ–ª–∞—Ä—É—Å–∏, ona goog",—Å –±–µ–ª–∞—Ä—É—Å–∏,–ü–æ–ª–æ—Ü–∫,26,–ë–µ–ª–∞—Ä—É—Å—å,2
0,0.0,216415170.0,17520276.0,"[id139490938|–ü–∞–≤–µ–ª], —è—Å–Ω–æ, —Ç—ã –∂–µ —Å –£–∫—Ä–∞–∏–Ω—ã",—Å –£–∫—Ä–∞–∏–Ω—ã,–ö–∏—Ä–æ–≤—Å–∫,None,–†–æ—Å—Å–∏—è,2
1,1.0,152845720.0,17513364.0,—á—Ç–æ –∑–∞ —Ä–µ–∫–ª–∞–º–∞?—è –ø—Ä–æ—Å—Ç–æ —Å —É–∫—Ä–∞–∏–Ω—ã),—Å —É–∫—Ä–∞–∏–Ω—ã,–ù–∏–∫–æ–ª–∞–µ–≤,None,–£–∫—Ä–∞–∏–Ω–∞,2
0,0.0,219045731.0,17292270.0,"[id289546025|–ù–∏–∫–∏—Ç–∞], –º–Ωe –ø–æ—Ö—É–π —è —Å –£–∫—Ä–∞–∏–Ω—ã –µ–±–ª–æ,—Å–æ–≥–ª–∞—Å–µ–Ω   –æ–Ω –¥–æ—Ö—É—è —Å–¥–µ–ª–∞–ª –≤ –°–°–°–† –Ω–æ —ç—Ç–æ —á–µ–ª–æ–≤–µ–∫ –∫–æ—Ç–æ—Ä–æ–º—É –±—ã–ª–æ –ø–æ—Ö—É–π –Ω–∞ –ª—é–¥–µ–π, –æ–Ω —É–±–∏–≤–∞–ª –≤—Å–µ—Ö –ø–æ–¥—Ä—è–¥ ,—Ö–æ—Ç—è —É –≤–∞—Å —Ç–∞–º –∂–µ –ø—Ä–æ–ø–∞–≥–∞–Ω–¥–∞ –∑–∞–±–µ–π –Ω–µ –ø–æ–π–º–µ—à—å",—Å –£–∫—Ä–∞–∏–Ω—ã,–ñ–∏—Ç–æ–º–∏—Ä,17,–£–∫—Ä–∞–∏–Ω–∞,2
0,0.0,454524108.0,17983296.0,"[id8640083|–ò–ª—å—è], –ø—Ä–æ–∫—É—Ä–æ—Ä—Å–∫–∞—è –º–∞–Ω–¥–∞ —Å –∫—Ä—ã–º–∞, –∫–æ—Ç–æ—Ä–∞—è –ø–æ–¥ –ø—É—Ç–∏–Ω–∞ –ª–µ–≥–ª–∞",—Å –∫—Ä—ã–º–∞,–°–∞–Ω–∫—Ç-–ü–µ—Ç–µ—Ä–±—É—Ä–≥,None,–†–æ—Å—Å–∏—è,2
0,0.0,418139208.0,17761246.0,"[id86608685|–ú–∞—Ä–∏–Ω–∞], —Ç–≤–∞—Ä—å –•–µ–†–Ω–∞–ª–æ–≤–∞ —Ç–æ –∂–µ –Ω–µ –¥–∞–≤–∞–ª–∞ –ø—Ä–∏–∫–∞–∑–æ–≤ —É–±–∏–≤–∞—Ç—å –ª—é–¥–µ–π. –ù–æ –∏–∑-–∑–∞ –µ—ë –ª–∂–∏, –∫–∞–∫ –º–∏–Ω–∏–º—É–º –æ–¥–∏–Ω —é–Ω–æ—à–∞ —Å –ü–∏—Ç–µ—Ä–∞ –ø–æ–µ—Ö–∞–ª –≤–æ–µ–≤–∞—Ç—å –∑–∞ ""—Ä–∞—Å–ø—è—Ç–æ–≥–æ –º–∞–ª—å—á–∏–∫–∞"" –∏ –ø–æ–≥–∏–± —Ç–∞–º. –°–∫–æ–ª—å–∫–æ —É—Å–ø–µ–ª —É–±–∏—Ç—å –Ω–µ –∑–Ω–∞—é. –ù–∞–¥–µ—é—Å—å –Ω–∏ –æ–¥–Ω–æ–≥–æ. –ù–µ –Ω–∞–¥–æ –±—ã—Ç—å –ø–æ–ª–∏—Ç–∏–∫–æ–º, —á—Ç–æ–±—ã –æ—Ç–ø—Ä–∞–≤–∏—Ç—å —á–µ–ª–æ–≤–µ–∫–∞, –ª—é–¥–µ–π –Ω–∞ —Å–º–µ—Ä—Ç—å. –í–æ—Ç –∏–∑–¥–æ—Ö—à–∞—è –æ—Ç —Ä–∞–∫–∞ –º—Ä–∞–∑—å –∏ –±—ã–ª–∞ —Ç–∞–∫–æ–π –º—Ä–∞–∑—å—é - —Ä–∞–∑–∂–∏–≥–∞—é—â–µ–π –Ω–µ–Ω–∞–≤–∏—Å—Ç—å, —É–±–∏–≤–∞—é—â–∞—è –ª—é–¥–µ–π.",—Å –ü–∏—Ç–µ—Ä–∞,None,23,–†–æ—Å—Å–∏—è,2
1,1.0,266818323.0,17754996.0,"–£ –º–µ–Ω—è 3–∫, —Ç–æ–∫ —è —Å –ë–µ–ª–∞—Ä—É—Å–∏...",—Å –ë–µ–ª–∞—Ä—É—Å–∏,Vancouver,14,–ö–∞–Ω–∞–¥–∞,2
2,2.0,273113323.0,17771476.0,"–ö–∞–∫ —Ö–æ—Ä–æ—à–æ, —á—Ç–æ —è —Å –£–∫—Ä–∞–∏–Ω—ã",—Å –£–∫—Ä–∞–∏–Ω—ã,–ö–∏–µ–≤,17,–£–∫—Ä–∞–∏–Ω–∞,1
3,3.0,15592824.0,17752197.0,"[id395156282|–î–µ–Ω–∏—Å], –æ, —Ç—ã —Å —É–∫—Ä–∞–∏–Ω—ã?",—Å —É–∫—Ä–∞–∏–Ω—ã,None,16,None,2
4,4.0,287822853.0,17742065.0,"[id455380258|–ê—Ä–∏–Ω–∞], –Ω–µ—Ç —è —Å –†–æ—Å—Å–∏–∏ —Ä–æ–¥–∏–ª—Å—è –∏ –∂–∏–≤—É",—Å –†–æ—Å—Å–∏–∏,–õ—è–Ω—Ç–æ—Ä,30,–†–æ—Å—Å–∏—è,2
0,0.0,55690596.0,18285308.0,–¢—É—Ç –µ—Å—Ç—å –ø–∞—Ä–Ω–∏ —Å –ø–∏—Ç–µ—Ä–∞?,—Å –ø–∏—Ç–µ—Ä–∞,None,None,None,2
1,1.0,180252924.0,18284074.0,"–Ø –° –ë–ï–õ–ê–†–£–°–ò, –ò –Ø –ü–ï–†–í–´–ô)",–° –ë–ï–õ–ê–†–£–°–ò,None,None,None,2
2,2.0,55690596.0,18285310.0,–¢—É—Ç –µ—Å—Ç—å –ø–∞—Ä–Ω–∏ —Å –ø–∏—Ç–µ—Ä–∞?,—Å –ø–∏—Ç–µ—Ä–∞,None,None,None,2
3,3.0,55690596.0,18285311.0,–¢—É—Ç –µ—Å—Ç—å –ø–∞—Ä–Ω–∏ —Å –ø–∏—Ç–µ—Ä–∞?,—Å –ø–∏—Ç–µ—Ä–∞,None,None,None,2
4,4.0,55690596.0,18285312.0,–¢—É—Ç –µ—Å—Ç—å –ø–∞—Ä–Ω–∏ —Å –ø–∏—Ç–µ—Ä–∞?,—Å –ø–∏—Ç–µ—Ä–∞,None,None,None,2
5,5.0,55690596.0,18285318.0,–¢—É—Ç –µ—Å—Ç—å –ø–∞—Ä–Ω–∏ —Å –ø–∏—Ç–µ—Ä–∞?,—Å –ø–∏—Ç–µ—Ä–∞,None,None,None,2
6,6.0,55690596.0,18285320.0,–¢—É—Ç –µ—Å—Ç—å –ø–∞—Ä–Ω–∏ —Å –ø–∏—Ç–µ—Ä–∞?,—Å –ø–∏—Ç–µ—Ä–∞,None,None,None,2
7,7.0,55690596.0,18285324.0,–¢—É—Ç –µ—Å—Ç—å –ø–∞—Ä–Ω–∏ —Å –ø–∏—Ç–µ—Ä–∞?,—Å –ø–∏—Ç–µ—Ä–∞,None,None,None,2
8,8.0,55690596.0,18285328.0,–¢—É—Ç –µ—Å—Ç—å –ø–∞—Ä–Ω–∏ —Å –ø–∏—Ç–µ—Ä–∞?,—Å –ø–∏—Ç–µ—Ä–∞,None,None,None,2
9,9.0,274345680.0,18280602.0,–ö–∞–∫ —Ö–æ—Ä–æ—à–æ —á—Ç–æ —è —Å –ö–∞–∑–∞—Ö—Å—Ç–∞–Ω–∞üòå,—Å –ö–∞–∑–∞—Ö—Å—Ç–∞–Ω–∞,Berlin,22,–ì–µ—Ä–º–∞–Ω–∏—è,2
10,10.0,247606314.0,18279599.0,"[id300825006|Alex], –µ—Å—Ç—å –∂–µ –Ω–æ—Ä–º–∞–ª—å–Ω—ã–µ –ª—é–¥–∏ —Å –†–æ—Å—Å–∏–∏ –Ω–æ –µ—Å—Ç—å —Ç–∞–∫–∏–µ —É–ø—ã—Ä–∏ –∫–∞–∫ —Ç—ã, –∫–æ—Ç–æ—Ä—ã–µ —á—Ç–æ —Ç–æ –ø–∏–∑–¥—è—Ç –ø—Ä–æ –•–æ—Ö–ª–æ–≤, –∞ —Ç—ã –æ–±–æ—Å–Ω—É–π –∑–Ω–∞—á–µ–Ω–∏–µ —ç—Ç–æ–≥–æ —Å–ª–æ–≤–∞ –±–∞—Ä–∞–Ω",—Å –†–æ—Å—Å–∏–∏,–ö–∏–µ–≤,19,–£–∫—Ä–∞–∏–Ω–∞,2
0,0.0,220693810.0,17208013.0,"[id90123649|–ï–≤–≥–µ–Ω–∏—è], —Å—Ç—Ä–∞–Ω–Ω–æ, –Ω–∞—á–∏–Ω–∞–ª–∞ –æ–Ω–∞ —Ç–æ—á–Ω–æ —Å –†–æ—Å—Å–∏–∏ —Å–≤–æ—é –ø–∏–∑–¥–∞—Ç—É—é –∂–∏–∑–Ω—å)) –∞ –º–æ–∂–µ—Ç —è –ø–ª–æ—Ö–æ —Ä–∞–∑–±–∏—Ä–∞—é—Å—å –≤ –ø–æ—Ä–Ω–æ–∞–∫—Ç—Ä–∏—Å–∞—Ö, —É–¥–∏–≤–ª—è–µ—Ç, —á—Ç–æ —Ç—ã —Å—Ç–æ–ª—å–∫–æ –∑–Ω–∞–µ—à—å;)",—Å –†–æ—Å—Å–∏–∏,–ù–æ–≤–æ–∫—É–∑–Ω–µ—Ü–∫,None,–†–æ—Å—Å–∏—è,2
1,1.0,222481693.0,17200495.0,"–¢–æ—Ç –∫—Ç–æ —Å –°–ü–± —Ç–æ–º—É —à–∞–≤–µ—Ä–º–∞, —Ç–æ—Ç –∫—Ç–æ —Å –ú–æ—Å–∫–≤—ã —Ç–æ–º—É —à–∞—É—Ä–º–∞",—Å –ú–æ—Å–∫–≤—ã,–°–∞–Ω–∫—Ç-–ü–µ—Ç–µ—Ä–±—É—Ä–≥,22,–†–æ—Å—Å–∏—è,2
2,2.0,32872727.0,17200869.0,"–¢—ã —á—ë —Å –ü–∏—Ç–µ—Ä–∞, —à–∞—É—Ä–º–∞",—Å –ü–∏—Ç–µ—Ä–∞,–ò–∂–µ–≤—Å–∫,None,–†–æ—Å—Å–∏—è,2
3,3.0,24117677.0,17201482.0,"–ü–∏–¥–æ—Ä —Å –ø–∏—Ç–µ—Ä–∞  - ""—à–∞–≤–µ—Ä–º–∞""

–ü–∏–¥–æ—Ä —Å –º–æ—Å–∫–≤–∞–±–∞–¥–∞ - —à–∞—É—Ä–º–∞",—Å –ø–∏—Ç–µ—Ä–∞,None,None,–†–æ—Å—Å–∏—è,2
4,4.0,102888643.0,17211447.0,50 —Ç—ã—Å —á–µ–ª–æ–≤–µ–∫ —Å –ü–∏—Ç–µ—Ä–∞...,—Å –ü–∏—Ç–µ—Ä–∞,–†—è–∑–∞–Ω—å,None,–†–æ—Å—Å–∏—è,2
5,5.0,415754985.0,17198144.0,"[id363769670|–ò–ª—å—è], –Ω–µ –Ω—Ä–∞–≤–∏—Ç—Å—è —Å—ä–µ–±–∞–ª –Ω–∞—Ö—É–π —Å –†–æ—Å—Å–∏–∏",—Å –†–æ—Å—Å–∏–∏,–ú–æ—Å–∫–≤–∞,23,–†–æ—Å—Å–∏—è,1
6,6.0,169497875.0,17188017.0,"[id420658732|Leprechaun], –° –ö–∏–µ–≤–∞ !",–° –ö–∏–µ–≤–∞,–ö—Ä–∞—Å–Ω–æ–¥–∞—Ä,None,–†–æ—Å—Å–∏—è,2
0,0.0,310569856.0,17948287.0,"[id262861579|–ï–≥–æ—Ä], –æ–Ω —Å –£–∫—Ä–∞–∏–Ω—ã?",—Å –£–∫—Ä–∞–∏–Ω—ã,–°–∞–Ω–∫—Ç-–ü–µ—Ç–µ—Ä–±—É—Ä–≥,31,–†–æ—Å—Å–∏—è,2
1,1.0,310569856.0,17949562.0,"[id262861579|–ï–≥–æ—Ä], –Ω—É –æ–Ω –∂–µ –¥–∞—É–Ω,  –ø–∏–¥–æ—Ä –∏ –≤–ø—Ä–∏–¥–∞—á—É —Å–¥–æ—Ö,  –≤—Å–µ —Ç–∞–∫–∏–µ –≤—Ä–æ–¥–µ —Å –£–∫—Ä–∞–∏–Ω—ã.",—Å –£–∫—Ä–∞–∏–Ω—ã,–°–∞–Ω–∫—Ç-–ü–µ—Ç–µ—Ä–±—É—Ä–≥,31,–†–æ—Å—Å–∏—è,2
2,2.0,41642128.0,17975655.0,"[id139421679|–ê–ª–µ–∫—Å–∞–Ω–¥—Ä], —Ç—ã —Ç–∞–∫–æ–π –∞–≥—Ä–µ—Å—Å–∏–≤–Ω—ã–π, –ø–æ—Ç–æ–º—É —á—Ç–æ —Ç—ã —Å –†–æ—Å—Å–∏–∏ –∏ —É —Ç–µ–±—è –≤—Å—ë —Ç–∞–∫ –ø–ª–æ—Ö–æ? :)",—Å –†–æ—Å—Å–∏–∏,–û–¥–µ—Å—Å–∞,None,–£–∫—Ä–∞–∏–Ω–∞,2
3,3.0,212950393.0,17990980.0,"[id339171251|–ê—Ä—Ç—ë–º], –º–Ω–µ –º–æ–∂–Ω–æ,—è —Å –£–∫—Ä–∞–∏–Ω—ã",—Å –£–∫—Ä–∞–∏–Ω—ã,–•–µ—Ä—Å–æ–Ω,None,–£–∫—Ä–∞–∏–Ω–∞,2
4,4.0,448199132.0,17941241.0,"[id353028808|–í–ª–∞–¥], –∑–Ω–∞—é —è. –° –ö–∞–∑–∞—Ö—Å—Ç–∞–Ω–∞ –∂–µ)",–° –ö–∞–∑–∞—Ö—Å—Ç–∞–Ω–∞,–ê–ª–º–∞—Ç—ã,30,–ö–∞–∑–∞—Ö—Å—Ç–∞–Ω,2
5,5.0,293638160.0,17944359.0,–Ø —Å –ö–∞–∑–∞—Ö—Å—Ç–∞–Ω–∞,—Å –ö–∞–∑–∞—Ö—Å—Ç–∞–Ω–∞,None,None,–ö–∞–∑–∞—Ö—Å—Ç–∞–Ω,1
6,6.0,212535671.0,17959855.0,"[id24301988|–ú–∞–∫—Å–∏–º], —è —Å–∞–º —Å –∫–∞–∑–∞—Ö—Å—Ç–∞–Ω–∞ –æ–Ω–∏ –∫–∞–∑–∞—Ö—Å–∫–∏–π —è–∑—ã–∫ –Ω–∞ –ª–∞—Ç–∏–Ω–∏—Ü—É –ø–µ—Ä–µ–≤–µ–ª–∏ —Ç–µ–ø–µ—Ä—å –º—ã –∞–º–µ—Ä–∏–∫–∞–Ω—Ü—ã –ø–æ–ª—É–∫—Ä–æ–≤–∫–∏",—Å –∫–∞–∑–∞—Ö—Å—Ç–∞–Ω–∞,–ù–æ–≤—ã–π –ì–æ—Ä–æ–¥–æ–∫,110,–ö–∞–∑–∞—Ö—Å—Ç–∞–Ω,2
7,7.0,308157441.0,17998804.0,"[id375096240|Nessibeli], –¢–∞–∫ —è —Ç–æ–∂–µ —Ä–æ–¥–æ–º –∏ –¥–µ—Ç—Å—Ç–≤–æ–º —Å –ö–∞–∑–∞—Ö—Å—Ç–∞–Ω–∞ –∏ —Ä–æ–¥–Ω–∏ —É –º–µ–Ω—è —Ç–∞–º –º–æ—Ä–µ. –°–µ–π—á–∞—Å, –ø—Ä–∞–≤–¥–∞, –∂–∏–≤—É –≤ –†–æ—Å—Å–∏–∏ –¥–∞–≤–Ω–æ.",—Å –ö–∞–∑–∞—Ö—Å—Ç–∞–Ω–∞,None,None,None,2
8,8.0,212340918.0,17934656.0,–ö—Ç–æ —Å –ú–æ—Å–∫–≤—ã? –ì–æ –∑–Ω–∞–∫–æ–º–∏—Ç—å—Å—è ü§§üåö,—Å –ú–æ—Å–∫–≤—ã,–ú–æ—Å–∫–≤–∞,20,–†–æ—Å—Å–∏—è,2
9,9.0,212340918.0,17934702.0,–ö—Ç–æ —Å –ú–æ—Å–∫–≤—ã –≥–æ –∑–Ω–∞–∫–æ–º–∏—Ç—Å—è üôÑüôÇüòå,—Å –ú–æ—Å–∫–≤—ã,–ú–æ—Å–∫–≤–∞,20,–†–æ—Å—Å–∏—è,2
10,10.0,360338793.0,17931260.0,3:3 —Å –∏—Å–ø–∞–Ω–∏–∏–µ–π,—Å –∏—Å–ø–∞–Ω–∏–∏,–°–∞–Ω–∫—Ç-–ü–µ—Ç–µ—Ä–±—É—Ä–≥,15,–†–æ—Å—Å–∏—è,2
11,11.0,411078223.0,17931851.0,–ê —Å –ò—Å–ø–∞–Ω–∏–∏ 3-3 —Å—ã–≥—Ä–∞–ª–∏ –µ–ø—Ç–∞,—Å –ò—Å–ø–∞–Ω–∏–∏,None,None,None,2
12,12.0,326095948.0,17930011.0,–≠—Ç–æ—Ç –æ–ª–µ–Ω—å –≤–æ–æ–±—â–µ –Ω–µ —Å –°–µ–≤–∞—Å—Ç–æ–ø–æ–ª—è,—Å –°–µ–≤–∞—Å—Ç–æ–ø–æ–ª—è,–†–æ—Å—Ç–æ–≤-–Ω–∞-–î–æ–Ω—É,None,–†–æ—Å—Å–∏—è,2
13,13.0,407513960.0,18026309.0,"–ß—Ç–æ —ç—Ç–æ –≤—ã –º–æ–π –∫–æ–º–º–µ–Ω—Ç–∞—Ä–∏–π —É–¥–∞–ª–∏–ª–∏ 
–ï—â–µ —Ä–∞–∑ —Å–∫–∞–∂—É —ç—Ç–æ –Ω–µ –¥–µ—Å–∞–Ω—Ç–Ω–∏–∫ –±—ã–ª –∞ –û–ü–õ–û–¢-–æ–ø–ª–æ—Ç–æ–≤–µ—Ü —Å —É–∫—Ä–∞–∏–Ω—ã",—Å —É–∫—Ä–∞–∏–Ω—ã,None,None,None,2
14,14.0,215160347.0,17928785.0,"[id445645218|–í–∏–∫—Ç–æ—Ä], –ï–±–∞—Ç—å —Ç—ã –º–µ–Ω—è —É–¥–∏–≤–∏–ª! –î—É–º–∞–µ—à—å —è —Å –£–∫—Ä–∞–∏–Ω—ã? –ù–æ —É–≤—ã... –¢—ã –æ—à–∏–±—Å—è... (–ö–∞–∫ –∏ —Ç–≤–æ—è –º–∞—Ç—å, –∫–æ–≥–¥–∞ —Ä–µ—à–∏–ª–∞ —Ç–µ–±—è –≤—Å—ë –∂–µ —Ä–æ–∂–∞—Ç—å)",—Å –£–∫—Ä–∞–∏–Ω—ã,–ö—É—Ä–≥–∞–Ω,16,–†–æ—Å—Å–∏—è,2
0,0.0,12658392.0,17216991.0,"–ù–∞–¥–æ –õ–µ—à–∞, –Ω–∞–¥–æ! –¢–í –±—É–¥–µ—Ç —Å –ú–æ—Å–∫–≤—ã, –Ω–∞–ø–∏—Å–∞–ª –õ–∞–π–≤ –Ω—å—é–∑, –§–°–ë –∫–∏–Ω–µ—à–º–∏–Ω—Å–∫–∏–º —Ç–æ–∂–µ, –æ–Ω–∏ —Ç–∞–º –Ω–∞ –º–∞—Å—Å–æ–≤–∫–µ –±—É–¥—É—Ç! –¢–æ–ª—å–∫–æ –±—É–¥–µ—à—å –ø—Ä–æ–±–∏–≤–∞—Ç—å, –∫–æ–∂—É –æ—Ç—Ç—è–Ω–∏ —á—Ç–æ–±—ã —è–π—Ü–∞ –Ω–µ –ø—Ä–æ–±–∏—Ç—å. –ü–∞–≤–ª–µ–Ω—Å–∫–∏–π —Å–ø—Ä–∞–≤–∏–ª—Å—è",—Å –ú–æ—Å–∫–≤—ã,–ú–æ—Å–∫–≤–∞,33,–†–æ—Å—Å–∏—è,2
1,1.0,116961792.0,17217134.0,"–í–æ—Ç —Å—É–∫–∞ –≤—Å—é –∂–∏–∑–Ω—å —É—á–∏–ª–∏ –¥–µ–ª–∞–π —Ç–æ, –¥–µ–ª–∞–π —ç—Ç–æ, –±—É–¥—å —Ö–æ—Ä–æ—à–∏–º –∏ —Ç –¥ –∏ –∂–∏–≤–µ—à—å –≤ –¥–µ—Ä—å–º–µ –±–ª—è—Ç—å —Ç.–∫. –∫–∞–∂–¥—ã–π –µ–±–∞–Ω—ã–π –∫—É–∑–Ω–µ—Ü (—Å—á–∞—Å—Ç—å—è —Å–≤–æ–µ–≥–æ) –≥–æ—Ç–æ–≤ –∏–∑ —Ç–µ–±—è –≤—ã–∫–æ–≤–∞—Ç—å –æ—á–µ—Ä–µ–¥–Ω–æ–π —à–µ–∫–µ–ª—å, –æ–Ω –±–µ—Ä–µ—Ç –∏ –ø—É—Å–∫–∞–µ—Ç —Ç–µ–±—è –≤ —Ä–∞—Å—Ö–æ–¥. –í—ã–≤–æ–¥ –≤–æ—Ä—É–π —É–±–∏–≤–∞–π –µ–±–∏ –≥—É—Å–µ–π –∏ –±—É–¥–µ—à—å –∫–∞–∫ —Å—ã—Ä –≤ –º–∞—Å–ª–µ, —Å—Ç–∞–Ω—å –∫—É–∑–Ω–µ—Ü–æ–º —Å–≤–æ–µ–≥–æ —Å—á–∞—Å—Ç—å—è. –ê —Ö–µ—Ä–Ω—é –≤–∞—à—É –±–∏–±–ª–∏—é –ø—Ä–∏–¥—É–º–∞–ª–∏ —Ö–∏—Ç—Ä–æ–≤—ã–µ–±–∞–Ω–Ω—ã–µ, —á—Ç–æ–± –≤—ã —Å—É–∫–∞ —Ç–∞–∫–∏–º–∏ –∂–µ –±–æ–≥–∞—Ç—ã–º–∏ –∏ —É—Å–ø–µ—à–Ω—ã–º–∏ –Ω–µ —Å—Ç–∞–ª–∏ –∏ –Ω–∞ —á—É–∂–æ–µ –¥–æ–±—Ä–æ –Ω–µ –∑–∞—Ä–∏–ª–∏—Å—å. –ü–æ—á–µ–º—É –±–ª—è—Ç—å –ê–º–µ—Ä–∏–∫–∞ –∏ –†–æ—Å—Å–∏–∏ –ª–∏–¥–µ—Ä—ã –º–∏—Ä–æ–≤—ã–µ? –ê–º–µ—Ä–∏–∫–∞ —ç—Ç–æ —É–≥–æ–ª–æ–≤–Ω–∏–∫–∏ —Å –ê–Ω–≥–ª–∏–∏, –æ–Ω–∏ –∏–Ω–¥–µ–π—Ü–µ–≤ —Ä–∞–∑–≤–µ–ª–∏, —Ç–∞–∫ –µ—â–µ –∏ —Å–∞–º—É –ê–Ω–≥–ª–∏—é –≤ –¥—É—Ä–∞–∫–∞—Ö –æ—Å—Ç–∞–≤–∏–ª–∏. –ê –†–æ—Å—Å–∏—è —Ç–∞–∫ —ç—Ç–æ —Ç–∞–∫–æ–π –∂–µ –ø–∏–∑–¥–µ—Ü, —Ç–æ–ª—å–∫–æ –µ—â–µ –∏ —Å –µ–≤—Ä–µ–µ–º–∏ –µ–±–∞–Ω—ã–º–∏, –ø–æ—á–µ–º—É –±–ª—è –µ–≤—Ä–µ–µ–≤ –Ω–µ–Ω–∞–≤–∏–¥–µ–ª–∏, –¥–∞ –ø–æ—Ç–æ–º—É —á—Ç–æ –Ω–∞–µ–±—É—Ç —Ç–∞–∫ —á—Ç–æ —Ç—ã –¥–∞–∂–µ –Ω–µ –ø–æ–π–º–µ—à—å –≥–¥–µ —Ç–µ–±—è –Ω–∞–µ–±–∞–ª–∏, —Ç–æ–ª—å–∫–æ –∏—Ö –Ω–∞ –≤—Å–µ—Ö –Ω–∞ –æ—Å—Ç—Ä–æ–≤–∞ –Ω–µ –≤—ã–≤–æ–∑—è—Ç, –Ω–µ –∫—É–¥–∞ —É–∂–µ –≤—Å–µ –∑–∞–Ω—è—Ç–æ, –≤–æ—Ç –∏ –∂–∏–≤–µ–º –±–ª—è –∫—Ç–æ —Ç–æ —É—Ä–æ–∂–∞–π —Å –≥–æ–ª–æ–≤ —Å–æ–±–∏—Ä–∞–µ—Ç, –∞ –∫—Ç–æ —Ç–æ —Ç–∞ —Å–∞–º–∞—è –≥–æ–ª–æ–≤–∞ –∏–∑ –∫–æ—Ç–æ—Ä–æ–π –≤—ã–∫–æ–≤–∞–ª–∏ –æ—á–µ—Ä–µ–¥–Ω–æ–π —à–µ–∫–µ–ª—å. –ï—Å–ª–∏ –∞–¥ –µ—Å—Ç—å, —Ç–æ –æ–Ω —Ç—É—Ç..",—Å –ê–Ω–≥–ª–∏–∏,–°–∞–Ω–∫—Ç-–ü–µ—Ç–µ—Ä–±—É—Ä–≥,26,–†–æ—Å—Å–∏—è,2
2,2.0,311900619.0,17210239.0,"–ö—Ç–æ —Å –ë–∞—à–∫–∏—Ä–∏–∏, —Ç–∞–º —Ö–æ–ª–æ–¥–Ω–æ",—Å –ë–∞—à–∫–∏—Ä–∏–∏,–£—á–∞–ª—ã,None,–†–æ—Å—Å–∏—è,2
3,3.0,428944197.0,17209960.0,–ü—Ä–æ—Å—Ç–∏—Ç–µ —è –∑–∞–±—ã–ª –∫–∞–∫ –≤—ã–≥–ª—è–¥–∏—Ç –µ–¥–∞ —Ç–∫ —è —Å –†–æ—Å—Å–∏–∏,—Å –†–æ—Å—Å–∏–∏,–°—Ç–∞–≤—Ä–æ–ø–æ–ª—å,19,–†–æ—Å—Å–∏—è,2
4,4.0,377599604.0,17207489.0,"[id432241608|Alisa], —Ç—ã –∂ –≤—Ä–æ–¥–µ —Å –ü–∏—Ç–µ—Ä–∞? –ù—É —Ç–∞–∫ –Ω–∞–ø–∏—Å–∞–Ω–æ –ø–æ –∫—Ä–∞–π–Ω–µ –º–µ—Ä–µ )",—Å –ü–∏—Ç–µ—Ä–∞,–°–∞–Ω–∫—Ç-–ü–µ—Ç–µ—Ä–±—É—Ä–≥,25,–†–æ—Å—Å–∏—è,2
5,5.0,432241608.0,17207643.0,"–í –ª–æ–Ω–¥–æ–Ω–µ —Ç–µ–±–µ –±—É–¥–µ—Ç –ø—Ä–æ—â–µ, —Ç–∞–∫ –∫–∞–∫ —Ç—ã —Å –ø–∏—Ç–µ—Ä–∞) –ü–æ–≥–æ–¥–∞, —Ç–∞–º 1 –≤ 1) –í —à—Ç–∞—Ç–∞—Ö —è –±—ã–ª–∞ –¥–≤–∞–∂–¥—ã, –æ–¥–∏–Ω —Ä–∞–∑ –≤ –õ–æ—Å-–ê–Ω–¥–∂–µ–ª–µ—Å–µ –∏ –≤—Ç–æ—Ä–æ–π —Ä–∞–∑ –≤ –î–∞–ª–ª–∞—Å–µ, —Ç–∞–º –∏–Ω—Ç–µ—Ä–µ—Å–Ω–∞—è –∞—Ä—Ö–∏—Ç–µ–∫—Ç—É—Ä–∞ —Ç–æ–ª—å–∫–æ –≤ –ø—Ä–∏–≥–æ—Ä–æ–¥–µ –±–æ–ª—å—à–∏—Ö –∫–æ–Ω–≥–ª–æ–º–µ—Ä–∞—Ç–æ–≤) –í —Ü–µ–Ω—Ç—Ä–µ –ø—Ä–æ—Å—Ç–æ —Å—Ç–µ–∫–ª—è–Ω–Ω—ã–µ –±–∞—à–Ω–∏)",—Å –ø–∏—Ç–µ—Ä–∞,Nagoya,None,–Ø–ø–æ–Ω–∏—è,1
6,6.0,116961792.0,17216873.0,"–í–æ—Ç —Å—É–∫–∞ –≤—Å—é –∂–∏–∑–Ω—å —É—á–∏–ª–∏ –¥–µ–ª–∞–π —Ç–æ, –¥–µ–ª–∞–π —ç—Ç–æ, –±—É–¥—å —Ö–æ—Ä–æ—à–∏–º –∏ —Ç –¥ –∏ –∂–∏–≤–µ—à—å –≤ –¥–µ—Ä—å–º–µ –±–ª—è—Ç—å —Ç.–∫. –∫–∞–∂–¥—ã–π –µ–±–∞–Ω—ã–π –∫—É–∑–Ω–µ—Ü (—Å—á–∞—Å—Ç—å—è —Å–≤–æ–µ–≥–æ) –≥–æ—Ç–æ–≤ –∏–∑ —Ç–µ–±—è –≤—ã–∫–æ–≤–∞—Ç—å –æ—á–µ—Ä–µ–¥–Ω–æ–π —à–µ–∫–µ–ª—å, –æ–Ω –±–µ—Ä–µ—Ç –∏ –ø—É—Å–∫–∞–µ—Ç —Ç–µ–±—è –≤ —Ä–∞—Å—Ö–æ–¥. –í—ã–≤–æ–¥ –≤–æ—Ä—É–π —É–±–∏–≤–∞–π –µ–±–∏ –≥—É—Å–µ–π –∏ –±—É–¥–µ—à—å –∫–∞–∫ —Å—ã—Ä –≤ –º–∞—Å–ª–µ, —Å—Ç–∞–Ω—å –∫—É–∑–Ω–µ—Ü–æ–º —Å–≤–æ–µ–≥–æ —Å—á–∞—Å—Ç—å—è. –ê —Ö–µ—Ä–Ω—é –≤–∞—à—É –±–∏–±–ª–∏—é –ø—Ä–∏–¥—É–º–∞–ª–∏ —Ö–∏—Ç—Ä–æ–≤—ã–µ–±–∞–Ω–Ω—ã–µ, —á—Ç–æ–± –≤—ã —Å—É–∫–∞ —Ç–∞–∫–∏–º–∏ –∂–µ –±–æ–≥–∞—Ç—ã–º–∏ –∏ —É—Å–ø–µ—à–Ω—ã–º–∏ –Ω–µ —Å—Ç–∞–ª–∏ –∏ –Ω–∞ —á—É–∂–æ–µ –¥–æ–±—Ä–æ –Ω–µ –∑–∞—Ä–∏–ª–∏—Å—å. –ü–æ—á–µ–º—É –±–ª—è—Ç—å –ê–º–µ—Ä–∏–∫–∞ –∏ –†–æ—Å—Å–∏–∏ –ª–∏–¥–µ—Ä—ã –º–∏—Ä–æ–≤—ã–µ? –ê–º–µ—Ä–∏–∫–∞ —ç—Ç–æ —É–≥–æ–ª–æ–≤–Ω–∏–∫–∏ —Å –ê–Ω–≥–ª–∏–∏, –æ–Ω–∏ –∏–Ω–¥–µ–π—Ü–µ–≤ —Ä–∞–∑–≤–µ–ª–∏, —Ç–∞–∫ –µ—â–µ –∏ —Å–∞–º—É –ê–Ω–≥–ª–∏—é –≤ –¥—É—Ä–∞–∫–∞—Ö –æ—Å—Ç–∞–≤–∏–ª–∏. –ê –†–æ—Å—Å–∏—è —Ç–∞–∫ —ç—Ç–æ —Ç–∞–∫–æ–π –∂–µ –ø–∏–∑–¥–µ—Ü, —Ç–æ–ª—å–∫–æ –µ—â–µ –∏ —Å –µ–≤—Ä–µ–µ–º–∏ –µ–±–∞–Ω—ã–º–∏, –ø–æ—á–µ–º—É –±–ª—è –µ–≤—Ä–µ–µ–≤ –Ω–µ–Ω–∞–≤–∏–¥–µ–ª–∏, –¥–∞ –ø–æ—Ç–æ–º—É —á—Ç–æ –Ω–∞–µ–±—É—Ç —Ç–∞–∫ —á—Ç–æ —Ç—ã –¥–∞–∂–µ –Ω–µ –ø–æ–π–º–µ—à—å –≥–¥–µ —Ç–µ–±—è –Ω–∞–µ–±–∞–ª–∏, —Ç–æ–ª—å–∫–æ –∏—Ö –Ω–∞ –≤—Å–µ—Ö –Ω–∞ –æ—Å—Ç—Ä–æ–≤–∞ –Ω–µ –≤—ã–≤–æ–∑—è—Ç, –Ω–µ –∫—É–¥–∞ —É–∂–µ –≤—Å–µ –∑–∞–Ω—è—Ç–æ, –≤–æ—Ç –∏ –∂–∏–≤–µ–º –±–ª—è –∫—Ç–æ —Ç–æ —É—Ä–æ–∂–∞–π —Å –≥–æ–ª–æ–≤ —Å–æ–±–∏—Ä–∞–µ—Ç, –∞ –∫—Ç–æ —Ç–æ —Ç–∞ —Å–∞–º–∞—è –≥–æ–ª–æ–≤–∞ –∏–∑ –∫–æ—Ç–æ—Ä–æ–π –≤—ã–∫–æ–≤–∞–ª–∏ –æ—á–µ—Ä–µ–¥–Ω–æ–π —à–µ–∫–µ–ª—å. –ï—Å–ª–∏ –∞–¥ –µ—Å—Ç—å, —Ç–æ –æ–Ω —Ç—É—Ç...",—Å –ê–Ω–≥–ª–∏–∏,–°–∞–Ω–∫—Ç-–ü–µ—Ç–µ—Ä–±—É—Ä–≥,26,–†–æ—Å—Å–∏—è,2
7,7.0,24608495.0,17204280.0,"[id430214565|–°–∞—Ä–∞], –∞ –µ—Å–ª–∏ —è –Ω–µ —Å –ú–æ—Å–∫–≤—ã,–Ω–æ –≤ –Ω–µ–πüòí",—Å –ú–æ—Å–∫–≤—ã,–ß–µ–±–æ–∫—Å–∞—Ä—ã,None,–†–æ—Å—Å–∏—è,2
0,0.0,113603857.0,17682106.0,–¢—É–ø–æ–π –∏ –µ—â—ë —Ç—É–ø–µ–µ. –ü—Ä–æ—Å—Ç–æ —è —Å –≠—Å—Ç–æ–Ω–∏–∏,—Å –≠—Å—Ç–æ–Ω–∏–∏,–Ø—Ä–æ—Å–ª–∞–≤–ª—å,None,–†–æ—Å—Å–∏—è,2
1,1.0,369822073.0,17702145.0,"–¢—É–ø–æ–π –∏ –µ—â—ë —Ç—É–ø–µ–µ
(–≠—Ç–æ —Ç–∏–ø –Æ–∫—Ä–µ–π–Ω –∏ –†–æ—Å—Å–∏—è, –∫–æ—Ç–æ—Ä—ã–µ ""–≤–æ–π–Ω—É"" –≤–µ–¥—É—Ç)
P.S.
–Ø —Å–∞–º —Å –£–∫—Ä–∞–∏–Ω—ã",—Å –£–∫—Ä–∞–∏–Ω—ã,None,None,None,2
2,2.0,333030823.0,17702592.0,–ø–æ—Ç–µ—Ä—è–Ω–Ω—ã–π –æ—Å—Ç—Ä–æ–≤(—è —Å –∫—Ä—ã–º–∞),—Å –∫—Ä—ã–º–∞,None,72,–†–æ—Å—Å–∏—è,2
3,3.0,373614958.0,17687152.0,"[id174611975|Seclusion], —Ç—ã —Å —É–∫—Ä–∞–∏–Ω—ã –∏–ª–µ —á–µ—á—å–Ω–∏",—Å —É–∫—Ä–∞–∏–Ω—ã,–ú–æ—Å–∫–≤–∞,17,–†–æ—Å—Å–∏—è,2
4,4.0,174611975.0,17687190.0,"[id373614958|–ò–ª—å—è], —Å –†–æ—Å—Å–∏–∏,–Ω–æ –ø–µ—Ä–µ–µ—Ö–∞–ª –≤ –∏–Ω—É—é —Å—Ç—Ä–∞–Ω—É,–ø–æ—Ç–æ–º—É —á—Ç–æ –º–æ–π –ø—Ä–µ–∑–∏–¥–µ–Ω—Ç –æ–∫–∞–∑–∞–ª—Å—è –•—É–π–ª–æ.",—Å –†–æ—Å—Å–∏–∏,–Æ–∂–Ω–æ—É–∫—Ä–∞–∏–Ω—Å–∫,76,–£–∫—Ä–∞–∏–Ω–∞,2
0,0.0,8936640.0,18029535.0,"–ï–µ–µ–µ–µ —ç—Ç–æ –∑–∏–ø—É–ª—è —Å –ö–∏–µ–≤–∞, –∑–∞—Ü–µ–Ω–∏–≤–∞–ª —ç—Ç–æ–≥–æ –ø–µ—Ä—Å–æ–Ω–∞–∂–∞ –Ω–µ—Å–∫–æ–ª—å–∫–æ —Ä–∞–∑ –≤ –∂–∏–≤—É—é",—Å –ö–∏–µ–≤–∞,–°–∞–Ω–∫—Ç-–ü–µ—Ç–µ—Ä–±—É—Ä–≥,23,–†–æ—Å—Å–∏—è,2
1,1.0,342731453.0,18038072.0,–í–∏–¥–∏–º–æ –æ–Ω –Ω–µ–≥—Ä —Å –ö–∞–∑–∞—Ö—Å—Ç–∞–Ω–∞ üòë,—Å –ö–∞–∑–∞—Ö—Å—Ç–∞–Ω–∞,None,None,None,1
2,2.0,224225520.0,17999980.0,"[id447094863|–ú–∞—Ä–∏—è], —á–µ —Ç–∞–∫–æ–µ —Ç–∏–º –≤–∏–µ—Ä, —è –ø—Ä–æ—Å—Ç–æ —Å –º–æ—Å–∫–≤—ã",—Å –º–æ—Å–∫–≤—ã,None,None,None,2
3,3.0,142826120.0,17996246.0,"[id162135517|–ê–Ω–Ω–∞], —è–± –ø–æ–º–æ–≥ —Ç–µ–±–µ –Ω–æ —Ç—ã —Å —É–∫—Ä–∞–∏–Ω—ã –∏ –¥–∞–ª–µ–∫–æ",—Å —É–∫—Ä–∞–∏–Ω—ã,–ë–∞–ª–∞–∫–æ–≤–æ,None,–†–æ—Å—Å–∏—è,2
4,4.0,329399486.0,17995617.0,–ü–æ-–ª—é–±–æ–º—É –∫—Ç–æ —Ç–æ —Å –†–æ—Å—Å–∏–∏ –ø–µ—Ä–µ–±–æ—Ä—â–∏–ª üòÑ,—Å –†–æ—Å—Å–∏–∏,None,None,None,2
0,0.0,92184481.0,18045045.0,"[id86875624|–Ø—Ä–æ—Å–ª–∞–≤], —è –¥—É–º–∞–ª –æ–ª–µ–Ω–∏ –≤—Ä–æ–¥–µ —Ç–µ–±—è, –∫–æ—Ç–æ—Ä—ã–µ –µ—â–µ –∫—É–¥–∞-—Ç–æ –µ–∑–¥—è—Ç, –≤ –≥–æ—Ä–æ–¥–∞ –¥—Ä—É–≥–∏–µ –Ω–∞ –ø–∏–∑–¥–∏–ª–∫–∏ –≤—ã–º–µ—Ä–ª–∏, –Ω–∞—Ö—É–π –º–Ω–µ –µ—Ö–∞—Ç—å —Å –ü–æ–ª—å—à–∏ –∫ —Ç–µ–±–µ –≤ –†–∞—à–∫—É, –¥–∞ –∏ —Ç–∏–ø–æ —è —Å–æ–º–Ω–µ–≤–∞—é—Å—å —á—Ç–æ –æ—Å–æ–±–∞ –∫–æ—Ç–æ—Ä–∞—è –Ω–µ –∏–º–µ–µ—Ç –Ω–∏ –æ–¥–Ω–æ–π —Å–≤–æ–µ–π —Ñ–æ—Ç–æ–≥—Ä–∞—Ñ–∏–∏, —Ç–æ–ª—å–∫–æ —Ñ–æ—Ç–æ–≥—Ä–∞—Ñ–∏–∏ –∞–Ω–∏–º–µ, –∑–∞–Ω–∏–º–∞–ª–∞—Å—å —á–µ–º-—Ç–æ –≤—Ä–æ–¥–µ —Å–º–µ—à–∞–Ω—ã—Ö –±–æ–µ–≤ –∏ —Ç–¥, –¥–∞ –∏ —Ç–∏–ø–æ –∂–∞–ª—å —á—Ç–æ –Ω–µ —Å–º–æ–≥—É, —É –º–µ–Ω—è –∑–∞ –ø–ª–µ—á–∞–º–∏ 5 –ª–µ—Ç –∑–∞–Ω—è—Ç–∏—è —Ä—É–∫–æ–ø–∞—à–∫–æ–πüòå",—Å –ü–æ–ª—å—à–∏,Houston,18,–°–®–ê,2
1,1.0,393012520.0,18043709.0,"–í —á–µ–º –ø—Ä–∏–∫–æ–ª, —è –ø—Ä–æ—Å—Ç–æ —Å –∫–∞–∑–∞—Ö—Å—Ç–∞–Ω–∞",—Å –∫–∞–∑–∞—Ö—Å—Ç–∞–Ω–∞,None,None,None,1
2,2.0,40179355.0,18023776.0,"–ü–æ–∫—É–ø–∞—é –∫–∞—Ä—Ç–æ—à–∫—É —è —Å –ë–µ–ª–∞—Ä—É—Å–∏
–° –ø—Ä–æ–¥–∞–≤—â–∏—Ü–µ–π –ú—É—Å–∏ –ø—É—Å–∏ 
–ß—Ç–æ –±—ã —Å–∫–∏–Ω—É–ª–∞ –¥–µ–Ω—å–∂–∞—Ç 
–û–Ω–∞ —É–ª—ã–±–∞–µ—Ç—Å—è, –∞ —è —Ä–∞–¥ 
–ó–∏–Ω–∞ –∑–Ω–∞–µ—Ç —Å–≤–æ—ë –¥–µ–ª–æ 
–ë—É—Ç—ã–ª–æ—á–∫—É –∫—Ä–∞—Å–Ω–æ–≥–æ –≤–∏–Ω–∞
–ò —É–∂–µ –æ–±–≤–∏–≤–∞–µ—Ç –º–æ–µ —Ç–µ–ª–æ 
–ê –ø–æ—Ç–æ–º –ó–∏–Ω–∞ —Ä–æ–¥–∏–ª–∞ 
–ò –º–µ–Ω—è –±–æ–ª—å—à–µ –Ω–µ –Ω–∞—à–ª–∞",—Å –ë–µ–ª–∞—Ä—É—Å–∏,–ü–µ—Ä–µ—Å–ª–∞–≤–ª—å-–ó–∞–ª–µ—Å—Å–∫–∏–π,21,–†–æ—Å—Å–∏—è,2
3,3.0,13356741.0,18024602.0,"–°–æ–≤–µ—Ç—Å–∫–∏–π –≤–µ–ª–∏–∫ –±—ã–ª –∏ –≤–µ–ª–∏–∫ –±—É–¥–µ—Ç, –∞ —Ç—ã –ø—Ä–æ–≤–µ—Ä—å –±—ã–ª–∏ –ª–∏ —É —Ç–µ–±—è –≤ —Ä–æ–¥–Ω–µ —Å –ì–µ—Ä–º–∞–Ω–∏–∏ –ª—é–¥–∏.
–í 45 –≤—ã–µ–±–∞–ª–∏ –ì–µ—Ä–º–∞–Ω–∏—é, –∞ —Ç–µ–ø–µ—Ä—å –∏—Ö –ø—Ä–µ–¥–∫–æ–≤ –≤ –ú–î–ö –æ–±–æ—Å—Å–∞–ª–∏ —Å—Ç–∞—Ä–∞–Ω–∏—è.",—Å –ì–µ—Ä–º–∞–Ω–∏–∏,–°–æ–≤–µ—Ç—Å–∫–∏–π,None,–†–æ—Å—Å–∏—è,2
4,4.0,443854721.0,18024652.0,"[id13356741|–ò–ª—å—è], –≤ –º–æ–µ–º —Ä–æ–¥—É —Å –≥–µ—Ä–º–∞–Ω–∏–∏ –Ω–µ –∫–æ–≥–æ –Ω–µ –≤–∏–¥–∞—Ç—å, –Ω–æ –ø—Ä–æ —Ç–≤–æ–π —Å–æ–≤–µ—Ç—Å–∫–∏–π –≤–µ–ª–∏–∫ ""das auto"" —Ç—è–∂–µ–ª–æ —Å–∫–∞–∑–∞—Ç—å, –∏ –º–æ–∂–µ—Ç—å –±—ã—Ç—å —Å –Ω–∏–º –≤—Å–µ –ø–æ –∫–∞–π—Ñ—É –∏ –æ–Ω –∑–∞–µ–±–∏—Å—å —Å—Ç–æ–∏—Ç, –Ω–æ —Å—É—Ç—å —Ç–æ –≤ —Ç–æ–º —á—Ç–æ —Ç–æ–ª—å–∫–æ –≤–µ–ª–∏–∫ —É —Ç–µ–±—è —Å—Ç–æ–∏—Ç..(—Å–ª–æ–∂–Ω—ã–π –ø–∞–Ω—á)",—Å –≥–µ—Ä–º–∞–Ω–∏–∏,None,None,None,2
5,5.0,32601108.0,18025050.0,"[id302475982|–ê—Ä—Ç—ë–º], –†–æ—Å—Å–∏—è —Ç–µ–±—è –ø–æ—Ç—Ä–µ–ø–∞–ª–∞, —è —Å –£–∫—Ä–∞–∏–Ω—ã",—Å –£–∫—Ä–∞–∏–Ω—ã,–í–∏—à–Ω–µ–≤–æ–µ,24,–£–∫—Ä–∞–∏–Ω–∞,2
6,6.0,258163634.0,18026456.0,"[id324256517|–ö–æ–Ω—Å—Ç–∞–Ω—Ç–∏–Ω], –≥–¥–µ —Ä–∏—Ñ–º—ã,—Ñ–ª–æ—É,–ø–∞–Ω—á–∏?
–°–Ω–∏–º—É —è —Å–∫–∞–ª—å–ø —Å —Ç–µ–±—è –∫–∞–∫ —Å—Ç–∞—Ä—ã–µ –∫–æ–º–∞–Ω—á–∏,
–ù–µ—Ç—É –Ω–∏ —Å—Ç–∏–ª—è,–Ω–µ—Ç –Ω–∏ —Ä–∏—Ç–º–∞,
–ó–∞—Ç–æ –µ—Å—Ç—å —Ç–æ—á–∫–∏ –∞–ª–≥–æ—Ä–∏—Ç–º–∞,
–° –∫–æ—Ç–æ—Ä—ã–º —è –µ–±—É —Ç–∞–∫–∏—Ö –∫–∞–∫ —Ç—ã
–¢–µ—Ö —Å–∞–º—ã—Ö –Ω–µ–¥–æ—Ä–µ–ø–µ—Ä–æ–≤ —Å –ú–æ—Å–∫–≤—ã,
–ß—Ç–æ —Ä–æ—Ñ–ª—è—Ç —Å –≤–µ–π–ø–µ—Ä–æ–≤ –∏ –º—Ä—É—Ç –≤ –∏—Ö –æ–±–ª–∞–∫–∞—Ö,
–û–±–º–∞–∑—ã–≤–∞—è—Å—å —Ç–æ–Ω–Ω–∞–º–∏ –∫–∞–∫–∞—Ö",—Å –ú–æ—Å–∫–≤—ã,None,None,None,2
7,7.0,351045698.0,18057017.0,"[id7327394|–í–ª–∞–¥–∏–º–∏—Ä], –¢–µ–ª–∫–∏ –ø—Ä–∏ –≤–∏–¥–µ —Ç–µ–±—è –±–ª—é—é—Ç –Ω–∞ –∫–æ–ª–µ–Ω–∏
–°–º–æ—Ç—Ä—è –Ω–∞ —Ç–µ–±—è –∫–∞–∫ —Ç—ã —Ä–∏—Ñ–º—É–µ—à—å –Ω–∞ —Å—Ü–µ–Ω–µ
–¢—ã –µ–±–∞–Ω—ã–π —Ö—É–µ–ø–ª–µ—Ç, –Ω–∞ —Ç–≤–æ–∏ —Ä–∏—Ñ–º—ã —è –¥–∞–≤–∞–ª —Ç–µ–±–µ –≤ —Ä–æ—Ç
–¢–µ–±—è –≤—Å–µ –¥–æ–ª–±—è—Ç –≤ –æ—á–∫–æ, –∞ —Ç—ã —Å—Ç–æ–∏—à—å –∏ –¥–æ–µ–¥–∞–µ—à—å –≤—á–µ—Ä–∞—à–Ω–µ–µ –≥–æ–≤–Ω–æ
–¢—ã –µ–±–∞–Ω–æ–µ —Ü—ã–≥–∞–Ω—Å–∫–æ–µ —á–º–æ
–ü—Ä–∏–µ—Ö–∞–ª —Å —É–∫—Ä–∞–∏–Ω—ã, —Ä–∞–±–æ—Ç–∞–µ—à—å –ø—Ä–æ—Å—Ç–∏—Ç—É—Ç–∫–æ–π-1500 —Å–º–µ–Ω–∞",—Å —É–∫—Ä–∞–∏–Ω—ã,–°–∞–Ω–∫—Ç-–ü–µ—Ç–µ—Ä–±—É—Ä–≥,None,–†–æ—Å—Å–∏—è,2
8,8.0,311900619.0,18022401.0,"–ö—Ç–æ —Å –ë–∞—à–∫–∏—Ä–∏–∏? 
–ö—Ä–∞—Å–Ω–æ–≥–æ—Ä—Å–∫–∞? 
–í–ª–∞–¥–∏–≤–æ—Å—Ç–æ–∫–∞?
–£–∑–±–µ–∫–∏—Å—Ç–∞–Ω–∞?",—Å –ë–∞—à–∫–∏—Ä–∏–∏,–£—á–∞–ª—ã,None,–†–æ—Å—Å–∏—è,2
9,9.0,42554084.0,18022415.0,"[id311900619|–ò–ª—å–Ω—É—Ä], —è —Å –±–∞—à–∫–∏—Ä–∏–∏, –∞ —à–æ?",—Å –±–∞—à–∫–∏—Ä–∏–∏,–°—Ç–µ—Ä–ª–∏—Ç–∞–º–∞–∫,None,–†–æ—Å—Å–∏—è,2
0,0.0,409986413.0,17448889.0,"–ü—Ä–æ–¥–∞–º –∞–π—Ñ–æ–Ω—ã 8, –æ—Ç–ø—Ä–∞–≤–∫–∞ —Å –£—Ñ—ã –≤ –ª—é–±–æ–π –≥–æ—Ä–æ–¥ –†–æ—Å—Å–∏–∏.—Ç–æ–ª—å–∫–æ –†–æ—Å—Å–∏–∏. –ü—Ä–µ–¥–æ–ø–ª–∞—Ç–∞!",—Å –£—Ñ—ã,–£—Ñ–∞,None,–†–æ—Å—Å–∏—è,2
1,1.0,76554252.0,17449351.0,"[id260015982|–ê—Ä—Ç—É—Ä], –ï—Å–ª–∏ —Å –µ–∫–±, –∑–∞—á–µ–º —Ç–µ–±–µ —Ç–µ–ª–∫–∞ —Å —É–∫—Ä–∞–∏–Ω—ã?) –ù—É-–Ω—É",—Å —É–∫—Ä–∞–∏–Ω—ã,–ß–µ–ª—è–±–∏–Ω—Å–∫,None,–†–æ—Å—Å–∏—è,2
2,2.0,76554252.0,17450343.0,"[id260015982|–ê—Ä—Ç—É—Ä], –í–æ—Ç —è —Ç–µ–±–µ —Ç–æ–ª—å–∫–æ –ø–æ —Ñ–∞–∫—Ç—É –ø–∏—Å–∞–ª) –∞ —Ç—ã —Ç–æ –≤–ø–∏—Å–∫–∏ —Å –Ω–∞—Ä–∫–æ–º–∞–Ω–∞–º–∏ –ø—Ä–∏–¥—É–º–∞–ª, —Ç–æ –ø–æ—Ç–∞—Å–∫—É–Ω–∞ –∏–∑ –º–µ–Ω—è —Å–¥–µ–ª–∞–ª. –ù—É –∫–∞–∫ –∫–∞–∫–∞—è —Ä–∞–∑–Ω–∏—Ü–∞? ) –µ—Å–ª–∏ –º–Ω–µ –Ω—Ä–∞–≤–∏—Ç—Å—è –¥–µ–≤—É—à–∫–∞ —Å –ò–∑—Ä–∞–∏–ª—è, —è –Ω–µ –±—É–¥—É –¥—É–º–∞—Ç—å –æ —Ç–æ–º, —á—Ç–æ –Ω–∞–¥–æ –∂–µ–Ω–∏—Ç—å—Å—è –µ—Ö–∞—Ç—å üòÑ –ø–ª–µ–≤–∞—Ç—å –Ω–∞ —Å—Ç—Ä–∞–Ω—É –∏ —Ö–∞—Ä–∞–∫—Ç–µ—Ä. –ê–≥–∞. –¢–∞–∫ –Ω–µ –±—ã–≤–∞–µ—Ç. –¢–æ–ª—å–∫–æ –µ—Å–ª–∏ –Ω—É–∂–Ω–æ –ø–æ–ª—É—á–∏—Ç—å –≥—Ä–∞–∂–¥–∞–Ω—Å—Ç–≤–æ –¥—Ä—É–≥–æ–π —Å—Ç—Ä–∞–Ω—ã",—Å –ò–∑—Ä–∞–∏–ª—è,–ß–µ–ª—è–±–∏–Ω—Å–∫,None,–†–æ—Å—Å–∏—è,2
3,3.0,272294954.0,17434343.0,"–ó–∞ –∂–µ—Å—Ç–æ–∫–æ–µ –æ–±—Ä–∞—â–µ–Ω–∏–µ —Å –∂–∏–≤–æ—Ç–Ω—ã–º–∏, –∫—Ç–æ —Å –ú–æ—Å–∫–≤—ã, –ø–∏—à–∏—Ç–µ –∑–∞—è–≤—É –Ω–∞ –Ω–µ—ë",—Å –ú–æ—Å–∫–≤—ã,–û–¥–µ—Å—Å–∞,24,–£–∫—Ä–∞–∏–Ω–∞,2
4,4.0,283282416.0,17439121.0,"[id91328820|–ê–ª–µ–∫—Å–∞–Ω–¥—Ä], –Ω—É –æ–Ω–∞ —Å–∫–∞–∑–∞–ª–∞ —á—Ç–æ —Å –ú–æ—Å–∫–≤—ã, –¥—É–º–∞—é –∑–∞—â–∏—Ç–Ω–∏–∫–∏ –∂–∏–≤–æ—Ç–Ω—ã—Ö —ç—Ç–æ –≤—Å–µ –ø—Ä–æ—Å—Ç–æ —Ç–∞–∫ –Ω–µ –æ—Å—Ç–∞–≤—è—Ç. –ö–æ—Ç–∞ —É –Ω–µ—ë —É–∂–µ –∑–∞–±—Ä–∞–ª–∏ –∏ –æ—Ç–≤–µ–ª–∏ –∫ –≤–µ—Ç–µ—Ä–∏–Ω–∞—Ä—É, –¥–∞ –∏ –ø–æ–ª–∏—Ü–∏—é –≤—ã–∑–≤–∞–ª–∏. –î–∞–ª—å—à–µ —É–∂–µ –ø–æ–ª–∏—Ü–∏—è —Ä–µ—à–∏—Ç —á—Ç–æ —Å –Ω–µ–π –¥–µ–ª–∞—Ç—å",—Å –ú–æ—Å–∫–≤—ã,–ú–æ—Å–∫–≤–∞,18,–†–æ—Å—Å–∏—è,1
5,5.0,208250584.0,17448479.0,"–°—Ä–∞–∑—É –≤—Å–ø–æ–º–Ω–∏–ª –∏—Å—Ç–æ—Ä–∏—é –ø—Ä–æ –ø–æ–ª–∏—Ü–µ–π—Å–∫–æ–≥–æ —Å –ë–µ–ª–æ—Ä—É—Å–∏, –∫–æ—Ç–æ—Ä—ã–π –ø–Ω—É–ª –∫–æ—Ç—ë–Ω–∫–∞ –∏ –∑–∞ —ç—Ç–æ –Ω–∞ –Ω–µ–≥–æ –æ—Ç–∫—Ä—ã–ª–∏ –∫—Ä–∏–º–∏–Ω–∞–ª—å–Ω–æ–µ –¥–µ–ª–æ",—Å –ë–µ–ª–æ—Ä—É—Å–∏,–¢–µ—Ä–Ω–æ–≤–∫–∞,15,–£–∫—Ä–∞–∏–Ω–∞,2
6,6.0,348550764.0,17450523.0,"[id300467681|–¢–∏–º–æ—Ñ–µ–π], –æ–Ω–∞ —Å –ú–æ—Å–∫–≤—ã",—Å –ú–æ—Å–∫–≤—ã,None,None,None,1
7,7.0,281449497.0,17450777.0,"–†–µ–±—è—Ç —Å –ú–æ—Å–∫–≤—ã, –≤–¥—Ä—É–≥ –≤—Å—Ç—Ä–µ—Ç–∏—Ç–µ –µ–µ, –¥–∞–π—Ç–µ –≤ –µ–±–∞—Å–æ—Å–∏–Ω—É, –º—Ä–∞–∑—å —Ç—É–ø–æ—Ä—ã–ª–∞—è",—Å –ú–æ—Å–∫–≤—ã,–ö–∞—Ä–∞–≥–∞–Ω–¥–∞,16,–ö–∞–∑–∞—Ö—Å—Ç–∞–Ω,2
8,8.0,152845720.0,17454087.0,"–†–µ–±—è—Ç–∞ –∫—Ç–æ —Å –ú–æ—Å–∫–≤—ã,–ø–æ–π–¥–∏—Ç–µ –µ–π –ø–æ –µ–ø–∞–ª—É –Ω–∞–¥–∞–≤–∞–π—Ç–µ —Å –Ω–æ–≥–∏...–æ—Ç–æ–º—Å—Ç–∏—Ç–µ –∑–∞ –∂–∏–≤–æ—Ç–Ω–æ–µ —ç—Ç–æ–π –º—Ä–∞–∑–µ.....",—Å –ú–æ—Å–∫–≤—ã,–ù–∏–∫–æ–ª–∞–µ–≤,None,–£–∫—Ä–∞–∏–Ω–∞,2
9,9.0,397281616.0,17441879.0,–≠—Ç–æ –∫–æ–≥–¥–∞ –ø—Ä–∏–µ—Ö–∞–ª–∏ —Ä–æ–¥—Å—Ç–≤–µ–Ω–Ω–∏–∫–∏ —Å –ú–æ—Å–∫–≤—ã,—Å –ú–æ—Å–∫–≤—ã,–ó–∏–º–∞,14,–†–æ—Å—Å–∏—è,2
10,10.0,389148017.0,17432889.0,"–ö—Ç–æ —Å –ö–∞–∑–∞—Ö—Å—Ç–∞–Ω–∞,  —Ç–æ—Ç –æ—Ä–Ω–µ—Ç —Å –º–µ–º–∞)",—Å –ö–∞–∑–∞—Ö—Å—Ç–∞–Ω–∞,–ü–∞–≤–ª–æ–¥–∞—Ä,None,–ö–∞–∑–∞—Ö—Å—Ç–∞–Ω,2
11,11.0,109343038.0,17452809.0,"[id170189835|–í–ª–∞–¥], –í–∏–¥–æ—Å –µ—Å—Ç—å –∫–∞–∫ –æ–Ω –ø–Ω—É–ª, –∏ –∑–∞–≤–µ–ª–∏ –¥–µ–ª–æ, –∏–Ω—Ñ–∞ —Å–æ—Ç–∫–∞, —è —Å–∞–º —Å –ë–µ–ª–∞—Ä—É—Å–∏, —Å —ç—Ç–æ–≥–æ –≥–æ—Ä–æ–¥–∞.",—Å –ë–µ–ª–∞—Ä—É—Å–∏,–ú–æ—Å—Ç—ã,None,–ë–µ–ª–∞—Ä—É—Å—å,2
0,0.0,43156145.0,17614612.0,"–° –ü–∏—Ç–µ—Ä–∞ –ø—Ä–∏–ª–∏—Ç–µ–ª–∏ , —Ç–∞–∫–∏–µ –∂–µ –±—ã–¥–ª–æ –∫–∞–∫ –±–∞–∫–ª–∞–Ω—ã , –∫–æ—Ç–æ—Ä—ã–µ –∫—Ä—ã—à—É –Ω–∞ —Å—Ç–∞–¥–∏–æ–Ω–µ –ø–∏—Ç–µ—Ä—Å–∫–æ–º —Ä–∞–∑–Ω–µ—Å–ª–∏",–° –ü–∏—Ç–µ—Ä–∞,–ú–æ—Å–∫–≤–∞,None,–†–æ—Å—Å–∏—è,2
1,1.0,296213431.0,17613687.0,"[id142296967|Odnako], –Ω–µ, —è –Ω–µ –∂–∏–≤—É –≤ —ç—Ç–æ–º –≥–æ—Ä–æ–¥–µ)  —è —Å –º–æ—Å–∫–≤—ã",—Å –º–æ—Å–∫–≤—ã,–ú–æ—Å–∫–≤–∞,19,–†–æ—Å—Å–∏—è,2
2,2.0,152279153.0,17613964.0,"[id393723574|–Æ—Ä–∞], —Ç–µ–±–µ, —Å –ü–∏—Ç–µ—Ä–∞ –≤–∏–¥–Ω–µ–µ, –¥–∞?",—Å –ü–∏—Ç–µ—Ä–∞,–°–∞–º–∞—Ä–∞,14,–†–æ—Å—Å–∏—è,2
3,3.0,152279153.0,17614058.0,"[id274140007|–ò–≤–∞–Ω], —Ç–µ–±–µ —Ç–æ, —Å –ü–∏—Ç–µ—Ä–∞ –≤–∏–¥–Ω–µ–µ, –¥–∞?",—Å –ü–∏—Ç–µ—Ä–∞,–°–∞–º–∞—Ä–∞,14,–†–æ—Å—Å–∏—è,2
4,4.0,140948717.0,17618838.0,"–û—Ä—É —Å —Ç–µ—Ö –∫—Ç–æ –∫—Ä–∏—á–∏—Ç —á—Ç–æ —Ç–∏–ø–∞ –≤ –∫–∞–∑–∞–Ω–∏ –ø—Ä–æ—Å—Ç–æ –Ω–∏–∫–æ–≥–æ –±–∞–±–æ–∫ –Ω–µ—Ç,  –∞ —Å–∞–º —Å –º–æ—Å–∫–≤—ã –∞ –∞–π—Ñ–æ–Ω –≤–∑—è–ª –≤ 5–π –∫—Ä–µ–¥–∏—Ç",—Å –º–æ—Å–∫–≤—ã,None,26,None,2
0,0.0,8311415.0,17633171.0,"[id227235106|–õ—ë–Ω—è], –µ–±–∞—Ç—å —Ç—ã –ª–æ—Ö, –Ω–∞–≤–µ—Ä–Ω–æ —Ç—ã —Å —É–∫—Ä–∞–∏–Ω—ã, –≥–¥–µ –∑–∞–∫–æ–Ω—á–∏–ª–∏ –ø–æ–∫–∞–∑—ã–≤–∞—Ç—å –Ω–∞ –µ–≥–æ —Å–º–µ—Ä—Ç–∏)))",—Å —É–∫—Ä–∞–∏–Ω—ã,–ö–∏—Ä–æ–≤,27,–†–æ—Å—Å–∏—è,2
1,1.0,275936071.0,17642947.0,–û–Ω –∏ –ø—Ä–∏—à–µ–ª —Å –ì–µ—Ä–º–∞–Ω–∏–∏ üòÇ,—Å –ì–µ—Ä–º–∞–Ω–∏–∏,–¢—é–º–µ–Ω—å,18,–†–æ—Å—Å–∏—è,2
0,0.0,372935594.0,17398365.0,–ê –Ω–∞—á–∞–ª–∏ —Å—É–∫–∏ —Å –º–æ—Å–∫–≤—ã,—Å –º–æ—Å–∫–≤—ã,–ö–∞–ª—É–≥–∞,None,–†–æ—Å—Å–∏—è,2
1,1.0,292410813.0,17409160.0,"[id221966407|–ï–≥–æ—Ä], –∫–∞–∑–∞—Ö–∏ —Ç—É—Ç –ø—Ä–∏—á–µ–º? –≠—Ç–æ —è–ø–æ–Ω—Ü—ã —Å–Ω–∏–º–∞—é—Ç. –ö–∞–∑–∞—Ö–∏ —É–≥–∞—Ä–Ω—ã–µ –ø–æ-–º–æ–µ–º—É –∫–æ–º–µ–¥–∏–∏ —Å–Ω–∏–º–∞—é—Ç) —Å–∞–º–∞ —Å –ö–∞–∑–∞—Ö—Å—Ç–∞–Ω–∞ , —Ö–æ—Ç—å –∏ –Ω–µ –∫–∞–∑–∞—à–∫–∞, –Ω–æ –≤—Å–µ –∂–µ, –∫–∞–∫ –µ—Å—Ç—å)",—Å –ö–∞–∑–∞—Ö—Å—Ç–∞–Ω–∞,ƒ∞zmir,21,–¢—É—Ä—Ü–∏—è,1
2,2.0,92299148.0,17400143.0,"[id270779822|–í–æ–≤–∞], –∫–æ–Ω—á–∏–Ω—ã —Ç—ã —á—ë—Ä—Ç !!! –Ø –Ω–µ —Å –†–æ—Å—Å–∏–∏ –∞ —Ç—ã —Å—ã–Ω –∫–æ–Ω—á–∏–Ω–æ–π –Ω–∞—Ü–∏–∏",—Å –†–æ—Å—Å–∏–∏,Kingston,30,–Ø–º–∞–π–∫–∞,2
0,0.0,198462338.0,17356948.0,"[id140878400|–õ–∏–ª–∏—è], –∑—Ä—è —Ç—ã —Ç–∞–∫.
–ò–ª–∏ —Ç—ã –º—É–∂–∏–∫ —Å –£–∫—Ä–∞–∏–Ω—ã, –∞ –Ω–∞ —Ñ–æ—Ç–æ –ø—Ä–æ—Å—Ç–æ —Ñ–æ—Ç–æ –¥–µ–≤—É—à–∫–∏....
–õ–∏–±–æ —Ç—ã –ø—Ä–æ—Å—Ç–æ —Å—Ç–∞—Ä–æ–º–æ–¥–Ω–∞—è.",—Å –£–∫—Ä–∞–∏–Ω—ã,–ú–∞–≥–∞–¥–∞–Ω,37,–†–æ—Å—Å–∏—è,2
1,1.0,349967678.0,17357622.0,–ù–µ –ø—Ä–∞–≤–¥–∞ —Å–ª—É–∂—É –≤ –ö—Ä—ã–º—É —Å–∞–º —Å –ú–æ—Å–∫–≤—ã 8 –¥–Ω–µ–π –±–∞–Ω–¥–µ—Ä–æ–ª—å –ø—Ä–∏—à–ª–∞,—Å –ú–æ—Å–∫–≤—ã,New York City,59,–°–®–ê,2
2,2.0,-50794411.0,17368654.0,"–ú–æ—è –±–∞–±—É—à–∫–∞ —Å –£–∫—Ä–∞–∏–Ω—ã,—Å—ã–Ω –Ω–∞ —Å–µ–≤–µ—Ä–µ...–î–Ω—é—Ö–∞ —É –Ω–µ–≥–æ –≤ –Ω–∞—á–∞–ª–µ –∞–ø—Ä–µ–ª—è...–ü–∏—Å—å–º–æ –æ—Ç–ø—Ä–∞–≤–ª—è–µ—Ç –≤ —è–Ω–≤–∞—Ä–µ,–ø—Ä–∏—Ö–æ–¥–∏—Ç –æ–Ω–æ –Ω–∞ –¥–Ω—é—Ö—É —Å–∞–º—É—é,–±—ã–≤–∞–µ—Ç –¥–∞–∂–µ –≤ –∫–æ–Ω—Ü–µ –∞–ø—Ä–µ–ª—è))))",—Å –£–∫—Ä–∞–∏–Ω—ã,New York City,59,–°–®–ê,2
0,0.0,15892331.0,17782071.0,"""–§–æ—Ç–∫–∞ –ì–∏—Ç–ª–µ—Ä–∞"" –∏ –ø–æ–¥–ø–∏—Å—å, –Ω–∞—á–Ω—É —Å –ü–æ–ª—å—à–∏",—Å –ü–æ–ª—å—à–∏,–î–æ–Ω–µ—Ü–∫,None,–£–∫—Ä–∞–∏–Ω–∞,2
1,1.0,11803176.0,17774899.0,"[id15258296|–ê–Ω—Ç–æ–Ω], —Ç—ã —Ä–µ–∞–ª—å–Ω–æ —Å –ü–æ–ª—å—à–∏?",—Å –ü–æ–ª—å—à–∏,–†—è–∑–∞–Ω—å,26,–†–æ—Å—Å–∏—è,2
2,2.0,15258296.0,17774902.0,"—è —Ç–æ –Ω–µ —Å –ü–æ–ª—å—à–∏, –Ω–æ –≤ –ü–æ–ª—å—à–µ",—Å –ü–æ–ª—å—à–∏,≈Å√≥d≈∫,25,–ü–æ–ª—å—à–∞,2
3,3.0,138528289.0,17771507.0,"[id167312789|Philip], –° –∫–∞–∫–∏–º –æ–Ω –≤–∫—É—Å–æ–º? –Ø —Å –ë–µ–ª–∞—Ä—É—Å–∏, —É –Ω–∞—Å —Ç–∞–∫–∏—Ö –Ω–µ—Ç—É(",—Å –ë–µ–ª–∞—Ä—É—Å–∏,San Francisco,None,–°–®–ê,2
0,0.0,439798867.0,18230126.0,"–≤–∏–¥–æ—Å –≤–∏–¥–µ–ª –∏–Ω—Ç–µ—Ä–≤—å—é –±—Ä–∞–ª–∏ –≥–¥–µ –æ–¥–∏–Ω —á–µ–ª —Å —Ä–æ—Å—Å–∏–∏ –ø—Ä–æ–¥–∞–ª –±–∏—Ç–∫–æ–∏–Ω—ã –∑–∞ 300 –±–∞–∫—Å–æ–≤,–≥–æ–≤–æ—Ä–∏–ª –ø–∏–∑–¥–µ—Ü –Ω–µ—É–¥–∞—á–Ω–∏–∫ —Å–µ–π—á–∞—Å –æ–Ω–∏ –±—ã —Å—Ç–æ–∏–ª–∏ 5 –º–ª–Ω –¥–æ–ª",—Å —Ä–æ—Å—Å–∏–∏,None,22,None,2
1,1.0,25239150.0,18222358.0,"[id166117322|Martin], —Ç–∞–∫ —Ç—ã –∏ –Ω–µ —É–≤–∏–¥–µ—à—å, –ø—Ä–æ—Å—Ç–æ —Ç–∞–∫ —Ç–µ–±–µ –Ω–∏–∫—Ç–æ –Ω–µ –¥–∞—Å—Ç. –¢–æ–ª—å–∫–æ –ö–∞–Ω–∞–¥–∞ –º–æ–∂–µ—Ç —Å–µ–π—á–∞—Å —Å—Ä–∞–≤–Ω–∏—Ç—å—Å—è —Å –ì–µ—Ä–º–∞–Ω–∏–µ–π –ø–æ —É—Ä–æ–≤–Ω—é –∂–∏–∑–Ω–∏. –ï–≤—Ä–æ—Å–æ—é–∑ –∂–∏–≤–µ—Ç –∑–∞ —Å—á–µ—Ç –Ω–∞–ª–æ–≥–æ–≤ —Å –ì–µ—Ä–º–∞–Ω–∏–∏ –∏ –§—Ä–∞–Ω—Ü–∏–∏. –ò —Ç–æ–ª—å–∫–æ –µ—Å–ª–∏ 2 —á–µ–ª–æ–≤–µ–∫–∞ —Ä–∞–±–æ—Ç–∞—é—Ç –Ω–∞ –æ–±—ã—á–Ω–æ–π —Ä–∞–±–æ—Ç–µ, –º–æ–≥—É—Ç —Å–µ–±–∫ –ø–æ–∑–≤–æ–ª–∏—Ç—å –º–Ω–æ–≥–æ–µ. –ù–∏–≥–¥–µ –≤ –¥—Ä—É–≥–æ–π —Å—Ç—Ä–∞–Ω–µ —Ç–∞–∫–æ–≥–æ –Ω–µ—Ç. –Ø –∏–º–µ—é –≤–∏–¥—É –æ–±—ã—á–Ω—É—é –Ω–µ –∫–≤–∞–ª–∏—Ñ–∏—Ü–∏—Ä–æ–≤–∞–Ω–Ω—É—é —Ä–∞–±–æ—Ç—É",—Å –ì–µ—Ä–º–∞–Ω–∏–∏,Hagen,26,–ì–µ—Ä–º–∞–Ω–∏—è,2
2,2.0,25239150.0,18222812.0,"[id166117322|Martin], –¥–∞ –Ω–µ—Ç. –£ –º–µ–Ω—è –µ—Å—Ç—å –∑–Ω–∞–∫–æ–º—ã–µ –∫—Ç–æ —Å –õ–∞—Ç–≤–∏–∏ –ø–µ—Ä–µ—Ö–∞–ª–∏ –≤ –ì–µ—Ä–º–∞–Ω–∏—é, —Ç–∞–∫ —Ä–∞–±–æ—Ç—ã –Ω–µ—Ç –∞ –Ω–∞ –∑–ø —Ç–æ–ª—å–∫–æ –∫–æ–Ω—Ü—ã —Å –∫–æ–Ω—Ü–∞–º–∏ —Å–≤–æ–¥–∏—Ç—å –º–æ–∂–Ω–æ. –ù–æ –æ–ø—è—Ç—å –∂–µ –≤ –ù–æ—Ä–≤–µ–≥–∏–∏ –º–æ–∂–µ—Ç –∏ –±–æ–ª—å—à–µ —Å—Ä–µ–¥–Ω–∞—è –∑–ø, –Ω–æ –ø–æ –∏—Ö —É—Ä–æ–≤–Ω—é –∂–∏–∑–Ω–∏ –æ–Ω–∞ –Ω–µ –æ—Ç–ª–∏—á–∏—Ç—å—Å—è –æ—Ç –ì–µ—Ä–º–∞–Ω–∏–∏ –∏ –¥—Ä—É–≥–∏—Ö —Å—Ç—Ä–∞–Ω –µ–≤—Ä–æ–ø—ã. –í —Ç–æ–π –∂–µ –ò—Å–ø–∞–Ω–∏–∏ 1500 —ç—Ç–æ —Ö–æ—Ä–æ—à–∏–µ –¥–µ–Ω—å–≥–∏ —É–∂–µ. –ì–µ—Ä–º–∞–Ω–∏—è –≤ –ø–æ—Å–ª–µ–¥–Ω–µ–µ –≤—Ä–µ–º—è —É–∂–µ –Ω–µ –ø–æ–∫–∞–∑–∞—Ç–µ–ª—å –∏–∑ –∑–∞ —Ç—É–ø–æ—Å—Ç–∏ —É–ø—Ä–∞–≤–ª—è—é—â–∏—Ö, –∫–æ—Ç–æ—Ä—ã–µ —Ö—Ä–µ–Ω—å —Å –±–µ–∂–µ–Ω—Ü–∞–º–∏ –ø—Ä–∏–¥—É–º–∞–ª–∏
–ù–æ —Å—É—Ç—å –≤ —Ç–æ–º —á—Ç–æ —Å–æ—Ü –ø–æ–º–æ—â—å —Ç—É—Ç —Ä–µ—à–∞–µ—Ç –æ—á–µ–Ω—å –º–Ω–æ–≥–æ–µ, —Ç–µ–º –∏  –ø–æ –ª–µ–≥—á–µ –∂–∏–≤–µ—Ç—å—Å—è. –ë–µ–∑ –µ–¥—ã –∏ –∫—Ä—ã—à–∏ –Ω–∞–¥ –≥–æ–ª–æ–≤–æ–π —Ç—ã –Ω–µ –æ—Å—Ç–∞–Ω–µ—à—å—Å—è –∞ –µ—Å–¥–∏ –∏ –∑–ø –º–µ–Ω—å—à–µ —Å—Ä–µ–¥–Ω–µ–≥–æ, —Ç–æ –¥–æ–ø–ª–æ—Ç—è—Ç. –ò —Ç–æ–∫–æ–µ –µ—Å—Ç—å —Ç–æ–ª—å–∫–æ –≤ –ì–µ—Ä–º–∞–Ω–∏ –∏ –ö–∞–Ω–∞–¥–µ. –í –¥—Ä—É–≥–∏—Ö —Å—Ç—Ä–∞–Ω–∞—Ö —ç—Ç–æ –Ω–µ —Ç–∞–∫ —Å–∏–ª—å–Ω–æ —Ä–∞–∑–≤–∏—Ç–æ. –ü–æ—ç—Ç–æ–º—É —Å–ø–æ—Ä–∏—Ç—å –≥–¥–µ –ª—É—á—à–µ –±–µ–∑–ø–æ–ª–µ–∑–Ω–æ. –ö–∞–∂–¥–æ–º—É —Å–≤–æ–µ, –∏ –∫–∞–∫ –≥–æ–≤–æ—Ä–∏—Ç—å—Å—è : ""–•–æ—Ä–æ—à–æ —Ç–∞–º, –≥–¥–µ –Ω–∞—Å –Ω–µ—Ç""",—Å –õ–∞—Ç–≤–∏–∏,Hagen,26,–ì–µ—Ä–º–∞–Ω–∏—è,2
0,0.0,124540210.0,18066502.0,"—É –º–µ–Ω—è 70 —Ä—É–±–ª–µ–π —Å—Ç–µ–ø—É—Ö–∞ üòÜ 
–¥–∞-–¥–∞, —è —Å –ë–µ–ª–∞—Ä—É—Å–∏",—Å –ë–µ–ª–∞—Ä—É—Å–∏,–ú–∏–Ω—Å–∫,21,–ë–µ–ª–∞—Ä—É—Å—å,2
1,1.0,4493954.0,18060114.0,"[id392916171|–ê–Ω–Ω–∞], —ç—Ç–æ –¢–æ—Ä —Å —à–≤–µ—Ü–∏–∏ –æ–Ω –≤—Ä–æ–¥–µ. –£ –º–µ–Ω—è –≤ —Ñ–± –µ—Å—Ç—å –æ–ΩüòÇ",—Å —à–≤–µ—Ü–∏–∏,None,None,None,2
2,2.0,17484202.0,18049764.0,"–¢–∞–∫ –æ–Ω –∂–µ –Ω–µ —Å –†–æ—Å—Å–∏–∏,–Ω–µ?",—Å –†–æ—Å—Å–∏–∏,M√ºnchen,None,–ì–µ—Ä–º–∞–Ω–∏—è,2
3,3.0,167102525.0,18051320.0,"[id112335100|–§—ë–¥–æ—Ä], —É–µ–∑–∂–∞–π —Å —Ä–æ—Å—Å–∏–∏ —Ç–µ–±–µ —Ç—É—Ç –Ω–µ—á–µ–≥ –¥–µ–ª–∞—Ç—å —Å —Ç–∞–∫–∏–º –º–Ω–µ–Ω–∏–µ. –Ø –ø–æ–≤—Ç–æ—Ä—é—Å—å —É –º–µ–Ω—è –ø—Ä–∞–¥–µ—Ç –ø—Ä–æ—à–æ–ª –≤—Å—é –≤–æ–π–Ω—É –ø—Ä–æ –±–∞–±—É—à–∫–∞ –≤—ã—Ä–∞—Å—Ç–µ–ª–∞ 3 –¥–µ—Ç–µ–π –≤ –≤–æ–µ–Ω–Ω–æ–µ –≤—Ä–µ–º—è –¥–µ–¥—É—à–∫–∞ —Ä–µ–±–µ–Ω–æ–∫ –≤–æ–π–Ω—ã. –ò –ø–æ–≤–µ—Ä—å –Ω–∏–∫—Ç–æ –Ω–∏—á–µ–≥–æ –Ω–µ —Å–∫—Ä—ã–≤–∞–ª –±—ã–ª–∏ –Ω–µ–∫–æ—Ç–æ—Ä—ã–µ –∫–∞—Å—è–∫–∏ —Å–æ —Å—Ç–æ—Ä–æ–Ω—ã –Ω–∞—à–∏—Ö –Ω—Ç –º—ã –∑–∞ –Ω–∏—Ö –æ—Ç—á–∏—Ç—ã–≤–∞—Ç—å—Å—è –Ω–µ –¥–æ–ª–∂–Ω—ã –æ–Ω–∏ –∑–∞—â–∏—â–∞–ª–∏ –Ω–∞—à—É —á—Ç—Ä–∞–Ω—É –∏ –Ω–∞—à—É —Ä–æ–¥–∏–Ω—É",—Å —Ä–æ—Å—Å–∏–∏,–ö—Ä–∞—Å–Ω–æ–¥–∞—Ä,None,–†–æ—Å—Å–∏—è,2
4,4.0,163889894.0,18062515.0,–ë–µ–≥–∏ —á—É–≤–∞–∫ —Å —Ä–æ—Å—Å–∏–∏.. —Ç–µ–±–µ –ø–∏–∑–¥–∞,—Å —Ä–æ—Å—Å–∏–∏,–†—è–∑–∞–Ω—å,24,–†–æ—Å—Å–∏—è,2
5,5.0,389399649.0,18071914.0,"[id69974554|–í–ª–∞–¥–∏—Å–ª–∞–≤], –†–æ—Å—Å–∏—è 3 –≥–æ–¥–∞ –≤–æ—é–µ—Ç —Å —É–∫—Ä–∞–∏–Ω–æ–π?üòÇ –¢—ã –≤ —Å–≤–æ–µ–º —É–º–µ ? –ü–æ—Å–º–æ—Ç—Ä–∏ –∫–∞–∫ –†–æ—Å—Å–∏—è –≤–æ—é–µ—Ç –≤ –°–∏—Ä–∏–∏ ,–∞ –Ω–∞ —É–∫—Ä–∞–∏–Ω–µ –º–∞–∫—Å–∏–º—É–º –¥–æ–±—Ä–æ–≤–æ–ª—å—Ü—ã —Å –†–æ—Å—Å–∏–∏ ,—ç—Ç–æ –Ω–µ –≤–æ–π–Ω–∞ ,–∫–æ–≥–¥–∞ –∏–¥—ë—Ç –≤–æ–π–Ω–∞ –Ω–µ—Ç –Ω–∏–∫–∞–∫–∏—Ö –¥–∏–ø–ª–æ–º–∞—Ç–∏—á–µ—Å–∫–∏—Ö –¥–µ–π—Å—Ç–≤–∏–π –º–µ–∂–¥—É –≤–æ—é—é—â–∏–º–∏ —Å—Ç—Ä–∞–Ω–∞–º–∏ –∞ –º—ã –¥–∞ –∂–µ —Ö—É–¥–æ –±–µ–¥–Ω–æ —Ç–æ—Ä–≥—É–µ–º ))) —Ç–∞–∫ ,—á—Ç–æ –¥—É—Ä–Ω–æ–π —ç—Ç–æ —Ç—ã ,—Ä–∞–∑ –≤–µ—Ä–∏—à—å ,—á—Ç–æ —É–∫—Ä–∞–∏–Ω–∞ –º–æ–∂–µ—Ç –≤–æ–µ–≤–∞—Ç—å —Å –†–§ ,–¥–∞ –µ—â—ë –∏ —Ç—Ä–∏ –≥–æ–¥–∞ )))",—Å –†–æ—Å—Å–∏–∏,–ò—Ä–∫—É—Ç—Å–∫,None,–†–æ—Å—Å–∏—è,2
6,6.0,349102258.0,18079904.0,"[id69974554|–í–ª–∞–¥–∏—Å–ª–∞–≤], –†—É—Å—å –Ω–∞—á–∏–Ω–∞–ª–∞—Å—å –Ω–µ —Å –ú–æ—Å–∫–≤—ã. –ò –Ω–µ —Å –ö–∏–µ–≤–∞. –ê –∫–∞—Ä—Ç–∞ –º–Ω–µ –Ω—É–∂–Ω–∞, —Ç–∞ –Ω–∞ –∫–æ—Ç–æ—Ä–æ–π –µ—Å—Ç—å —Å–ª–æ–≤–æ –£–∫—Ä–∞–∏–Ω–∞",—Å –ú–æ—Å–∫–≤—ã,–ö–∞–ª–∏–Ω–∏–Ω–≥—Ä–∞–¥,40,–†–æ—Å—Å–∏—è,2
7,7.0,69974554.0,18090345.0,"[id25211868|–ï–≤–≥–µ–Ω–∏–π], –ù—É —ç—Ç–æ –ª–∏–ø–æ–≤–∞—è, –Ω–µ —Å–æ–æ—Ç–≤–µ—Ç—Å—Ç–≤—É–µ—Ç –¥–µ–π—Å—Ç–≤–∏—Ç–µ–ª—å–Ω–æ—Å—Ç–∏, —Ç–∏–ø–æ –æ–Ω–∞ —Å–∞–º–∞ –Ω–µ —Å –ö—Ä—ã–º–∞ –∞ —Å –†–æ—Å—Ç–æ–≤–∞, –±–ª–∏–Ω –Ω—É —Ç—ã –∂ —Ç–∞–º –∂–∏–≤–µ—à—å –¥–æ–ª–∂–µ–Ω –∑–Ω–∞—Ç—å",—Å –ö—Ä—ã–º–∞,–û–¥–µ—Å—Å–∞,20,–£–∫—Ä–∞–∏–Ω–∞,2
8,8.0,456759127.0,18047461.0,"[id191866051|–í–ª–∞–¥–∏–º–∏—Ä], —Å –ü–∏—Ç–µ—Ä–∞.",—Å –ü–∏—Ç–µ—Ä–∞,None,None,None,2
0,0.0,391824849.0,17317941.0,"[id426702026|–ï—Ñ–∏–º], —è –∏ –Ω–µ —Å–∫–∏–¥—ã–≤–∞—é —Ç–∞–∫ –æ–Ω–æ –∏ –µ—Å—Ç—å –æ–Ω–∞ —Å –£–∫—Ä–∞–∏–Ω—ã",—Å –£–∫—Ä–∞–∏–Ω—ã,–û—Ä–µ–Ω–±—É—Ä–≥,None,–†–æ—Å—Å–∏—è,2
1,1.0,213181642.0,17322766.0,–ù–∞–¥–æ –µ—Ö–∞—Ç—å. –í –†–æ—Å—Å–∏—é üòÇüòÇüòÇ —Ç–∞–º –¥–µ–≤—É—à–∫–∏ –±–µ–∑ –æ—Ç–∫–∞–∑–∞–Ω–Ω—ã–µ. –†s –ø–∞—Ä–Ω–∏ —Å –ö–∞–∑–∞—Ö—Å—Ç–∞–Ω–∞ üòÇüòÇüòÇüòÇüòÇ,—Å –ö–∞–∑–∞—Ö—Å—Ç–∞–Ω–∞,–°–∞—Ä–∫–∞–Ω–¥,None,–ö–∞–∑–∞—Ö—Å—Ç–∞–Ω,2
0,0.0,300825006.0,18258200.0,"[id114135167|–ê–Ω–∞—Å—Ç–∞—Å–∏—è], –±–ª–∏–Ω –Ω–µ –∂–∞–ª—É–π—Ç–µ—Å—å –Ω–∞ –ø–æ–≥–æ–¥—É, —è —Å –ü–∏—Ç–µ—Ä–∞",—Å –ü–∏—Ç–µ—Ä–∞,None,None,–ò—Ä–ª–∞–Ω–¥–∏—è,2
1,1.0,361574533.0,18245340.0,–ú–æ—Ä–∫–æ–≤–∫—É –≤—Ä–æ–¥–µ –ø–æ–º–Ω—é —Å –∏—Ç–∞–ª–∏–∏ –∏–ª–∏ –æ—Ç–∫—É–¥–∞-—Ç–æ –æ—Ç—Ç—É–¥–∞ü§î,—Å –∏—Ç–∞–ª–∏–∏,–°–∞–Ω–∫—Ç-–ü–µ—Ç–µ—Ä–±—É—Ä–≥,23,–†–æ—Å—Å–∏—è,2
0,0.0,271035723.0,17243245.0,"[id9266572|–†–æ–º–∞–Ω], —Å –º–æ—Å–∫–≤—ã –Ω–∞–≤–µ—Ä–Ω–æ?",—Å –º–æ—Å–∫–≤—ã,None,None,None,2
0,0.0,404442009.0,17544573.0,–ê —è –Ω–µ —Å –†–æ—Å—Å–∏–∏üòÅ,—Å –†–æ—Å—Å–∏–∏,Tokyo,None,–Ø–ø–æ–Ω–∏—è,2
1,1.0,27300242.0,17545313.0,–ù–£ –ß–¢–û –ü–û–†–ñ–ê–õ–ò –° –£–ö–†–ê–ò–ù–´,–° –£–ö–†–ê–ò–ù–´,None,None,–†–æ—Å—Å–∏—è,2
2,2.0,139490938.0,17549940.0,"[id306602464|–≠–ª—å–±—Ä—É—Å], –Ω—É –µ—Å–ª–∏ —É —Ç–µ–±—è –¥–æ–ø—É—Å—Ç–∏–º –¥–æ—Å—Ç—É–ø –≤ –≤–∫, —Ç–æ —Å –ì–µ—Ä–º–∞–Ω–∏–∏, —Ç–æ —Å –§–∏–Ω, —Ç–æ –ø–æ–æ—Å–µ–∫—É—Ç",—Å –ì–µ—Ä–º–∞–Ω–∏–∏,–®–æ—Å—Ç–∫–∞,21,–£–∫—Ä–∞–∏–Ω–∞,2
3,3.0,292410813.0,17543228.0,"–£–±–µ–≥–∞—è —Å –†–æ—Å—Å–∏–∏ –≤ –£–∫—Ä–∞–∏–Ω—É , –Ω–µ –∂–µ–Ω–∏—Å—å –Ω–∞ —É–∫—Ä–∞–∏–Ω–∫–µ, –ø–æ—Ç–æ–º—É —á—Ç–æ –æ—Ö—É–µ–µ—à—å —Å–∫–æ–ª—å–∫–æ —Å—Ç—Ä–∞–Ω –æ–Ω–∞ –æ–±—ä–µ–∑–¥–∏–ª–∞ —Å –ø–æ–º–æ—â—å—é —Å–≤–æ–µ–π –≤–∞–≥–∏–Ω—ã, –¥–∞–±—ã —Ä–∞–∑–¥–æ–±—ã—Ç—å –¥–µ–Ω–µ–∂–µ–∫)–∏ —Ç–∞–∫ 95% —É–∫—Ä–∞–∏–Ω–æ–∫",—Å –†–æ—Å—Å–∏–∏,ƒ∞zmir,21,–¢—É—Ä—Ü–∏—è,1
4,4.0,306025719.0,17542105.0,"[id143904870|–í–ª–∞–¥–∏–º–∏—Ä], –Ω—É —ç—Ç–æ –ø–µ—Ä–µ–≥–∏–±, –ø—Ä–æ—Å—Ç–æ –∫–∞–∫ –∏ –≤–µ–∑–¥–µ –µ—Å—Ç—å —Ü–µ–Ω—Ç—Ä –∏ —Ü–µ–Ω—Ç—Ä–∞–ª—å–Ω—ã–µ —Ä–∞–π–æ–Ω—ã —Ç–∞–º –∏ –¥–µ–ª–∞—é—Ç –ª—É—á—à–µ –∏ —É–±–∏—Ä–∞—é—Ç –ø–æ—Ç–æ–º—É —á—Ç–æ —Ü–µ–Ω—ã –≤—ã—à–µ –Ω–∞ —É—Å–ª—É–≥–∏ –∏ –∂–∏–ª—å–µ –¥–æ—Ä–æ–∂–µ –∏ –ª—é–¥–∏ –º–∞–∂–æ—Ä–Ω–µ–µ, –∏ –µ—Å—Ç—å —Ä–∞–±–æ—á–∏–µ —Å–ø–∞–ª—å–Ω—ã–µ —Ä–∞–π–æ–Ω—ã –≥–¥–µ –Ω–µ –≤—Å–µ —Ç–∞–∫ –∑–±—Å –ø–æ—Ç–æ–º—É —á—Ç–æ —Ç–∞–º –∏ –¥–≤–æ—Ä–Ω–∏–∫–∏ –ø–æ –ø—Ä–æ—â–µ –∏ —Ä–µ–º–æ–Ω—Ç–∏—Ä—É—é—Ç –∫–∞–∫ –ø–æ–ø–∞–ª–æ –≤—Å–µ... –ë–∞–±–∫–∏ –∫–∞—Ä–æ—á–µ, –≥–¥–µ –±–∞–±–∫–∏ —Ç–∞–º –∏ —á–∏—Å—Ç–æ –∏ –ø–æ–∫–∞–∑—ã–≤–∞—Ç—å –≤–∏–¥—ã —Ü–µ–Ω—Ç—Ä–∞–ª—å–Ω—ã–µ –ü–∞—Ä–∏–∂–∞ –ü—Ä–∞–≥–∏ –≤ —Å–µ–Ω—Ç—è–±—Ä–µ –∏ —Å–≤–æ–π –µ–±—É—á–∏–π –¥–≤–æ—Ä –≤ –Ω–æ—è–±—Ä–µ —ç—Ç–æ –∫–∞–∫ –º–∏–Ω–∏–º—É–º –º–∞–Ω–∏–ø—É–ª—è—Ü–∏—è, –ø–æ–∫–∞–∂–∏ —Ç–æ—Ç –∂–µ –≤–∏–¥ –Ω–æ —Å –ü–∏—Ç–µ—Ä–∞ –≤ —Å–µ–Ω—Ç—è–±—Ä–µ —è —É–≤–µ—Ä–µ–Ω —Ç–∞–º –º–Ω–æ–≥–æ —Å–æ—á–Ω–æ–≥–æ, –∏ –ø–æ–¥–ø–∏—à–∏ –æ—Å–µ–Ω—å –≤ –†–æ—Å—Å–∏–∏ )",—Å –ü–∏—Ç–µ—Ä–∞,None,None,None,2
5,5.0,20336667.0,17538532.0,"[id15410757|–°–ª–∞–≤–∞], –æ–Ω–∞ —Å –ú–æ—Å–∫–≤—ã –∫—Ä–µ—Ç–∏–Ω —Ç—ã —Ç—É–ø–æ—Ä—ã–ª—ã–π !!!",—Å –ú–æ—Å–∫–≤—ã,–ú–æ—Å–∫–≤–∞,24,–†–æ—Å—Å–∏—è,1
6,6.0,31305336.0,17535741.0,"[id137069603|–Ø–Ω–∞], –∞ —è —É–≤–µ—Ä–µ–Ω–∞, —á—Ç–æ —É –Ω–∞—Å –æ–±–æ–∏—Ö –º–æ–∑–≥–æ–≤ –ø–æ–±–æ–ª—å—à–µ, —á–µ–º —É –≤–∞—Å —Å –î–∞–Ω–∏–∏–ª–æ–º))) –ö—Å—Ç–∞—Ç–∏ –ø–æ—Å—Ç —è —É–∂–µ –µ–π –¥–∞–≤–Ω–æ –∫–∏–Ω—É–ª–∞üòÜ",—Å –î–∞–Ω–∏–∏,–ü–æ–¥–æ–ª—å—Å–∫,None,–†–æ—Å—Å–∏—è,1
7,7.0,68763838.0,17529691.0,"[id40120417|–ú–∞–∫—Å–∏–º], –∫–∞–∫–æ–≥–æ —Ö—Ä–µ–Ω–∞ —Ç—ã –≤–∏–¥–∏—à—å –≤ –≤–∫? –¢—ã –Ω–µ —Å –†–æ—Å—Å–∏–∏. –ê –†–æ—Å—Å–∏—é —Ä—É–≥–∞—Ç—å –º–æ–≥—É—Ç —Ç–æ–ª—å–∫–æ –†—É—Å—Å–∫–∏–µ. –í—ã–π–¥–∏, –∞ –ª—É—á—à–µ –≤—ã–π–¥–∏ –≤ –æ–∫–Ω–æ",—Å –†–æ—Å—Å–∏–∏,–ú–µ–≥–∏–æ–Ω,30,–†–æ—Å—Å–∏—è,2
0,0.0,245276871.0,17924575.0,"–°–∏–Ω—Ç–æ–ª–æ–≤—ã–π –∏–¥–∏–æ—Ç —Å –†–æ—Å—Å–∏–∏, –æ–Ω –∏ –Ω–æ–≥–∏ —Ö–æ—á–µ—Ç —É–≤–µ–ª–∏—á–∏—Ç—å –¥–æ 110 üòÇ",—Å –†–æ—Å—Å–∏–∏,–†—É–¥–Ω—ã–π,None,–ö–∞–∑–∞—Ö—Å—Ç–∞–Ω,2
1,1.0,17617003.0,17926428.0,"[id193370162|–ù–∏–∫–∏—Ç–∞], —Ñ–æ—Ç–∫–∞ —Å –£–∫—Ä–∞–∏–Ω—ã ?",—Å –£–∫—Ä–∞–∏–Ω—ã,–ö—Ä–∏–≤–æ–π –†–æ–≥,None,–£–∫—Ä–∞–∏–Ω–∞,2
2,2.0,151202691.0,17917822.0,"[id222662391|–ú–∞–∫—Å–∏–º], —É –Ω–∞—Å –≤ –ª–∞—Ä—å–∫–µ 90 –§–∏–ª–∏–ø –∏ –ë–æ–Ω–¥ —Å –∫–Ω–æ–ø–∫–æ–π,  —è —Å –ø–∏—Ç–µ—Ä–∞",—Å –ø–∏—Ç–µ—Ä–∞,–°–∞–Ω–∫—Ç-–ü–µ—Ç–µ—Ä–±—É—Ä–≥,None,–†–æ—Å—Å–∏—è,2
3,3.0,208250584.0,17910222.0,–•–æ—Ä–æ—à–æ —á—Ç–æ —è —Å –£–∫—Ä–∞–∏–Ω—ã!,—Å –£–∫—Ä–∞–∏–Ω—ã,–¢–µ—Ä–Ω–æ–≤–∫–∞,15,–£–∫—Ä–∞–∏–Ω–∞,2
4,4.0,455874094.0,17906310.0,–∞–ª–∫–∞—à —Å —Ä–æ—Å—Å–∏–∏ –∫–∞–∫ –±—É–¥—Ç–æ,—Å —Ä–æ—Å—Å–∏–∏,–ö–æ—Å—Ç–∞–Ω–∞–π,24,–ö–∞–∑–∞—Ö—Å—Ç–∞–Ω,2
5,5.0,402729689.0,17909358.0,"–û–±—Ä–∞—â–∞—é—Å—å –∫ –Ω–∞—Ü–∏–æ–Ω–∞–ª–∏—Å—Ç–∞–º.–ò–¥–∏—Ç–µ –Ω–∞—Ö—É–π –ø–æ–∂–∞–π–ª—É—Å—Ç–∞,—è –≤–∞—Å –Ω–µ–Ω–∞–≤–∏–∂—É. –ü–∞—Ä–∞—Ñ–∏–Ω–∏—Ç—å –¥—Ä—É–≥—É—é –Ω–∞—Ü–∏—é —ç—Ç–æ –ø–æ—Å–ª–µ–¥–Ω–µ–µ –¥–µ–ª–æ.–ß—Ç–æ –≤–∞—Å –Ω–µ —É—Å—Ç—Ä–∞–∏–≤–∞–µ—Ç?–ö–∞–∫–∞—è —Ä–∞–∑–Ω–∏—Ü–∞ –∫—Ç–æ –∫–∞–∫–æ–π –Ω–∞—Ü–∏–∏?
–ë–ª—è—Ç—å –∞–∂ –≤—ã–≤–æ—Ä–∞—á–∏–≤–∞–µ—Ç –æ—Ç —ç—Ç–æ–≥–æ —Ä–∞—Å–∫–ª–∞–¥–∞. –Ø —Å–∞–º —Å –ö–∞–∑–∞—Ö—Å—Ç–∞–Ω–∞. –†–æ–¥–∏–ª—Å—è –∑–¥–µ—Å—å. –Ø –≥–æ—Ä–∂—É—Å—å —ç—Ç–∏–º. –î–∞–∂–µ —Ç–æ—Ç –∂–µ –∫–∞–∑–∞—Ö—Å–∫–∏–π –Ω–∞—Ä–æ–¥ —Å–∫–∞–∂–µ—Ç -–ø—Ä–∏–≤–µ—Ç,–∫–∞–∫ –¥–µ–ª–∞?–ê —Ç–æ—Ç –∂–µ —Ä—É—Å—Å–∫–∏–π —Å–∫–∞–∂–µ—Ç -–°”ô–ª–µ–º –¥–æ—Å,—Å–µ“£ “õ–∞–ª–∞–π—Å—ã“£?–∏ —Ç–∞–∫ 125 –Ω–∞—Ü–∏–∏. –≠—Ç–æ —Ç–∞–º –≥–¥–µ –æ–±—â–∏–µ –ø—Ä–∞–∑–¥–Ω–∏–∫–∏ –ù–æ–≤—ã–π –≥–æ–¥ –∏  –ù–∞—É—Ä—ã–∑,–≥–¥–µ –∏–∑ –µ–¥—ã –ø–µ–ª—å–º–µ–Ω–∏ –∏ –±–µ—Å–ø–∞—Ä–º–∞–∫.–ò —Ç–∞–∫–∏—Ö –º–Ω–æ–≥–æ –ø—Ä–∏–º–µ—Ä–æ–≤.–î–∞–π –±–æ–≥ –∑–¥–æ—Ä–æ–≤—å—è –ù—É—Ä—Å—É–ª—Ç–∞–Ω—É –ê–±–∏—à–µ–≤–∏—á—É –ù–∞–∑–∞—Ä–±–∞–µ–≤—É –∑–∞ –µ–≥–æ —Ç—Ä—É–¥—ã. –ì–¥–µ 1 –º–∞—Ä—Ç–∞ –æ—Ç–º–µ—á–∞—é—Ç –ø—Ä–∞–∑–¥–Ω–∏–∫ –¥–µ–Ω—å –¥—Ä—É–∂–±—ã,–µ–¥–∏–Ω—Å—Ç–≤–∞ –ö–∞–∑–∞—Ö—Å—Ç–∞–Ω–∞.
–ò –∫–æ–≥–¥–∞ —á–∏—Ç–∞—é –∫–æ–º–µ–Ω—Ç–∞—Ä–∏–∏,—è —Ä–∞–∑–∞—á–∞—Ä–æ–≤—ã–≤–∞—é—Å—å, —á–µ—Å—Ç–Ω–æ. –ë—ã—Ç—å —É–±–ª—é–¥–∫–∞–º–∏ –Ω–∞—Ü–∏–æ–Ω–∞–ª–∏—Å—Ç–∞–º–∏.–≠—Ç–æ –ø–∞—Å–∫—É–¥–Ω–æ.–£ –º–µ–Ω—è –≤—Å–µ.",—Å –ö–∞–∑–∞—Ö—Å—Ç–∞–Ω–∞,–¢–∞–π—ã–Ω—à–∞,None,–ö–∞–∑–∞—Ö—Å—Ç–∞–Ω,2
0,0.0,381929098.0,18201443.0,"[id359688326|Atikin], —á—Ç–æ —á—Ç–æ —è —Å–∞–º —Å –ú–æ—Å–∫–≤—ã —Å–∑–¥–µ—Å—å –∫–ª–∞–ª–∏ –æ–Ω–∏ –Ω–∞ —Ç–≤–æ–∏ –ø—Ä–æ–±–ª–µ–º—ã –µ—â—ë —Ç –Ω–∞ —Ö—É–π –º–æ–≥—É—Ç –ø–æ—Å–ª–∞—Ç—å, –∫–∞–∫–∞—è –ú–æ—Å–∫–≤–∞ ü§£.",—Å –ú–æ—Å–∫–≤—ã,Bucaramanga,37,–ö–æ–ª—É–º–±–∏—è,2
1,1.0,55690596.0,18193682.0,–†—É—Å—Å—Å–∫–º–µ –ø–∞—Ä–Ω–∏ —Å –ø–∏—Ç–µ—Ä–∞ —Ç—É—Ç –µ—Å—Ç—å ?,—Å –ø–∏—Ç–µ—Ä–∞,None,None,None,2
2,2.0,55690596.0,18193683.0,–†—É—Å—Å—Å–∫–º–µ –ø–∞—Ä–Ω–∏ —Å –ø–∏—Ç–µ—Ä–∞ —Ç—É—Ç –µ—Å—Ç—å ?,—Å –ø–∏—Ç–µ—Ä–∞,None,None,None,2
3,3.0,55690596.0,18193684.0,–†—É—Å—Å—Å–∫–º–µ –ø–∞—Ä–Ω–∏ —Å –ø–∏—Ç–µ—Ä–∞ —Ç—É—Ç –µ—Å—Ç—å ?,—Å –ø–∏—Ç–µ—Ä–∞,None,None,None,2
4,4.0,78249044.0,18175524.0,"–≤ —á–µ–º –ø—Ä–∏–∫–æ–ª ,—è –ø—Ä–æ—Å—Ç —Å —É–∫—Ä–∞–∏–Ω—ã?",—Å —É–∫—Ä–∞–∏–Ω—ã,–°–µ—Ä–ø—É—Ö–æ–≤,None,–†–æ—Å—Å–∏—è,2
0,0.0,18455859.0,17747506.0,"–Ø —Å –ü–∏—Ç–µ—Ä–∞, —á—Ç–æ —Ç–∞–∫–æ–µ —Å–æ–ª–Ω–µ—á–Ω—ã–π —Å–≤–µ—Ç? –Ø –µ–≥–æ –Ω–µ –ø–æ–ª—É—á–∞–ª –Ω–∏–∫–æ–≥–¥–∞",—Å –ü–∏—Ç–µ—Ä–∞,–°–∞–Ω–∫—Ç-–ü–µ—Ç–µ—Ä–±—É—Ä–≥,20,–†–æ—Å—Å–∏—è,2
1,1.0,442540554.0,17725918.0,–ò —è —Å –£–∫—Ä–∞–∏–Ω—ã,—Å –£–∫—Ä–∞–∏–Ω—ã,None,None,None,2
2,2.0,454791115.0,17725173.0,"–ö—Ç–æ —Å –ø–∏—Ç–µ—Ä–∞ –ø–∏—à–∏—Ç–µ, –æ–¥–Ω–∞ —Å–µ–≥–æ–¥–Ω—è))))",—Å –ø–∏—Ç–µ—Ä–∞,None,None,None,1
3,3.0,454791115.0,17718602.0,–ö—Ç–æ —Ç—É—Ç –µ—Å—Ç—å —Å –ü–∏—Ç–µ—Ä–∞?,—Å –ü–∏—Ç–µ—Ä–∞,None,None,None,1
