,from_id,id,text,miss,city,age,country,sex
0,102751383.0,1891616.0,"–í—á–µ—Ä–∞ —Å–ª—ã—à–∞–ª–∞ –æ–¥–∏–Ω —É–º–Ω—ã–π –∫–æ–º–º–µ–Ω—Ç –æ—Ç –¥–µ–ª–µ–≥–∞—Ü–∏–∏ —Å –≠—Å—Ç–æ–Ω–∏–∏, –æ–Ω–∞ —Å–∫–∞–∑–∞–ª–∞: –î–∂–∞–º–∞–ª–∞ –æ—á–µ–Ω—å —Å–∏–ª—å–Ω–∞—è —É—á–∞—Å—Ç–Ω–∏—Ü–∞ –∏ –ï–≤—Ä–æ–ø–∞ –≤ –≤–æ—Å—Ç–æ—Ä–≥–µ –æ—Ç –Ω–µ–µ. –ò–Ω–æ–≥–¥–∞ –Ω–µ —Ö–æ—á–µ—Ç—å—Å—è —Ç–∞–Ω—Ü–µ–≤–∞–ª—å–Ω—ã—Ö –ø–µ—Å–µ–Ω, –∏–Ω–æ–≥–¥–∞ —Ö–æ—á–µ—Ç—å—Å—è –ø—Ä–æ—Å—Ç–æ –∑–∞–∫—É—Ç–∞—Ç—å—Å—è –≤ –ø–ª–µ–¥ –∏ –ø–æ–¥—É–º–∞—Ç—å –æ –∂–∏–∑–Ω–∏. –¢–∞–∫ —á—Ç–æ –≤–æ—Ç —Ç–∞–∫-—Ç–æ, –∏ —Ç–∞–∫–∏–µ –ø–µ—Å–Ω–∏ —Ç–æ–∂–µ –Ω—É–∂–Ω—ã",—Å –≠—Å—Ç–æ–Ω–∏–∏,–ß–µ—Ä–∫–∞—Å—Å—ã,28,–£–∫—Ä–∞–∏–Ω–∞,1
0,104487618.0,2363389.0,"–ú–Ω–µ –ú–æ–ª–¥–∞–≤–∏—è –Ω–µ –ø–æ–Ω—Ä–∞–≤–∏–ª–∞—Å—å, —Å–ª–∏—à–∫–æ–º –≥–ª—É–ø–æ–µ –≤—ã—Å—Ç—É–ø–ª–µ–Ω–∏–µ) –•–æ—Ç—è —ç—Ç–æ –¥–µ–ª–æ –≤–∫—É—Å–∞.
–ú–æ–µ –º–Ω–µ–Ω–∏–µ - –ø–µ—Ä–≤—ã–º –¥–æ–ª–∂–µ–Ω –±—ã—Ç—å –º–∞–ª—å—á–∏–∫ —Å –ë–æ–ª–≥–∞—Ä–∏–∏, —ç—Ç–æ –±—ã–ª —Ä–µ–∞–ª—å–Ω–æ –Ω–æ–º–µ—Ä... –∞ –Ω–µ —Ö–µ—Ä–Ω—è.",—Å –ë–æ–ª–≥–∞—Ä–∏–∏,None,None,–£–∫—Ä–∞–∏–Ω–∞,1
0,105179152.0,2229897.0,"[id153107553|–£–ª—å—è–Ω–∞], –¥–∞, —Ç–æ–ª—å–∫–æ –ø–æ—á–µ–º—É —Ç–æ –ê–Ω–≥–ª–∏—é –∏ –°–®–ê –≤—Å–µ —É–≤–∞–∂–∞—é—Ç –∏ –Ω–∞ –Ω–∏—Ö –≤—Å–µ —Ä–∞–≤–Ω—è—é—Ç—Å—è, –∞ —Å –†–æ—Å—Å–∏–∏ –≤—Å–µ —Ä–∂—É—Ç",—Å –†–æ—Å—Å–∏–∏,–•–∞—Ä—å–∫–æ–≤,None,–£–∫—Ä–∞–∏–Ω–∞,2
0,105379079.0,1879804.0,–ö–∞–∫ –∂–µ —è —Ö–æ—á—É —á—Ç–æ–±—ã –†–æ—Å—Å–∏—è –≤—ã–π–≥—Ä–∞–ª–∞. –ò –ø–æ—Ö —á—Ç–æ —è —Å —É–∫—Ä–∞–∏–Ω—ã)))),—Å —É–∫—Ä–∞–∏–Ω—ã,–ù–∏–∫–æ–ª–∞–µ–≤,None,–£–∫—Ä–∞–∏–Ω–∞,1
0,106105098.0,365942.0,–°–∫–æ–ª—å–∫–æ —Å—Ç–æ–∏—Ç —Å –ö—Ä—ã–º–∞ –¥–æ –ë–∞–π–∫–∞–ª?),—Å –ö—Ä—ã–º–∞,None,None,–£–∫—Ä–∞–∏–Ω–∞,2
0,10695560.0,2304802.0,"–ó–∞ –ò—Ä–ª–∞–Ω–¥–∏—é, –≠—Å—Ç–æ–Ω–∏—é , –ú–∞–∫–µ–¥–æ–Ω–∏—é, –®–≤–µ–π—Ü–∞—Ä–∏—é. –ù—É –∏ –í–µ–Ω–≥—Ä–∏—è —Å –°–∞–Ω-–ú–∞—Ä–∏–Ω–æ —Ç–æ–∂–µ –ø–æ—Ä–∞–¥–æ–≤–∞–ª–∏. –ù–∏–¥–µ—Ä–ª–∞–Ω–¥—ã, –ë–æ–ª–≥–∞—Ä–∏—è, –ò–∑—Ä–∞–∏–ª—å —Ç–æ–∂–µ –¥–æ–ª–∂–Ω—ã –ø—Ä–æ–π—Ç–∏. –ê –¥–µ—Å—è—Ç—ã–π...–ø—É—Å—Ç—å –±—É–¥–µ—Ç —Ö–æ—Ä–≤–∞—Ç —Å–æ —Å–≤–æ–∏–º –¥—É—ç—Ç–æ–º —Å —Å–∞–º–∏–º —Å–æ–±–æ–π üòä",—Å –°–∞–Ω-–ú–∞—Ä–∏–Ω–æ,–î–æ–Ω–µ—Ü–∫,None,–£–∫—Ä–∞–∏–Ω–∞,2
0,107966237.0,1705045.0,"–ü—Ä–æ–≤–∞–ªüòêüòê
–Ø —Å –£–∫—Ä–∞–∏–Ω—ã,–≥–æ–ª–æ—Å–æ–≤–∞–ª–∞ –∑–∞ –•–∞—Ä–¥–ö–∏—Å....–ù–û...–ª–∏—á–Ω–æ —É –º–µ–Ω—è —Å–æ–æ–±—â–µ–Ω–∏–µ –Ω–µ –ø–æ—à–ª–æ,—Ö–æ—Ç—å –∏ –¥–µ–Ω–µ–≥ –Ω–∞ —Ç–µ–ª–µ—Ñ–æ–Ω–µ –±—ã–ª–æ –ø—Ä–µ–¥–æ—Å—Ç–∞—Ç–æ—á–Ω–æüòë
–Ø –≤—Å–µ –ø–æ–Ω–∏–º–∞—é,–ø–µ—Å–Ω—è-–ø–æ—Å–≤—è—â–µ–Ω–∏–µ –∏ –≤—Å–µ –¥–µ–ª–∞,–Ω–æ –±–ª–æ,—ç—Ç–æ –Ω–µ –¥–ª—è —ç—Ç–æ–≥–æ –∫–æ–Ω–∫—É—Ä—Å–∞...
–ü–æ–±–µ–¥—ã –Ω–∞–º –Ω–µ –≤–∏–¥–∞—Ç—å —Ç–æ—á–Ω–æ,–¥–∞–π –±–æ–≥ —á—Ç–æ –±—ã –≤ 10-–∫—É —Ö–æ—Ç—å –≤–æ–π—Ç–∏
—É –º–µ–Ω—è –≤—Å–µüòá",—Å –£–∫—Ä–∞–∏–Ω—ã,–ß–µ—Ä–Ω–∏–≥–æ–≤,22,–£–∫—Ä–∞–∏–Ω–∞,1
0,108702291.0,2585741.0,"–ø–æ—Å—Ç–∞–≤–∏–ª –ª–∞–π–∫, —Ö–æ—Ç—å –Ω–µ —Å–º–æ—Ç—Ä–µ–ª –Ω–∏ —Ñ–∏–ª—å–º,–Ω–∏ –µ—â—ë –æ–±–∑–æ—Ä,—ç—Ç–æ –º–∞–≥–∏—è –∫–∞–∫–∞—è-—Ç–æ –¥–∞?(–∏ —è –Ω–µ –ø—Ä–æ —Ñ–∏–ª—å–º).–ü—Ä–∏–≤–µ—Ç —Å –£–∫—Ä–∞–∏–Ω—ã!!!",—Å –£–∫—Ä–∞–∏–Ω—ã,–•–º–µ–ª—å–Ω–∏—Ü–∫–∏–π,None,–£–∫—Ä–∞–∏–Ω–∞,2
0,109594010.0,1831421.0,"[id137046871|–®–µ–≤–∫–µ—Ç], —Ç–≤–æ–π –Ω–∞—Ä–æ–¥ –≤—ã—Å–µ–ª—è—Ç –≤—Å–µ —Ä–∞–≤–Ω–æ —Å –ö—Ä—ã–º–∞) –±—É–¥–µ—Ç–µ –ø–æ –º–∏—Ä—É —Å–∫–∏—Ç–∞—Ç—å—Å—è –∫–∞–∫ —Ü—ã–≥–∞–Ω–µ)",—Å –ö—Ä—ã–º–∞,–ö–∏–µ–≤,22,–£–∫—Ä–∞–∏–Ω–∞,2
0,110691242.0,7578789.0,"–ü–æ—è—Å–Ω–∏—Ç—å –∑–∞ —á–µ—Ç—ã—Ä–µ –ø—è—Ç—å, –≤ —á–µ–º —Å–æ–ª—å —Ü–∏—Ñ–æ—Ä–æ–∫? 
–ü—Ä–æ—Å—Ç–æ —è —Å –ö—Ä—ã–º–∞,  —É –Ω–∞—Å –∏–Ω–µ—Ç–∞ –Ω–æ—Ä–º–∞–ª—å–Ω–æ–≥–æ –Ω–µ—Ç",—Å –ö—Ä—ã–º–∞,–ö–∏–µ–≤,23,–£–∫—Ä–∞–∏–Ω–∞,2
0,111091966.0,1949794.0,"–ú–Ω–µ –±–µ–∑—É–º–Ω–æ –ø–æ–Ω—Ä–∞–≤–∏–ª–∞—Å—å –î–∂–∞–º–∞–ª–∞.–í–∏–∂—É —Ç–æ–ª—å–∫–æ –µ–µ –ø–æ–±–µ–¥–∏—Ç–µ–ª—å–Ω–∏—Ü–µ–π –ï–≤—Ä–æ–≤–∏–¥–µ–Ω–∏—è 2016!  –ü–æ—Ç–æ–º —É–∂–µ –ê–≤—Å—Ç—Ä–∞–ª–∏—è, –ò–∑—Ä–∞–∏–ª—å –∏ –†–æ—Å—Å–∏—è...–ö–æ –≤—Å–µ–º —É–≤–∞–∂–µ–Ω–∏–∏ –∫ —Ç–≤–æ—Ä—á–µ—Å—Ç–≤—É –õ–∞–∑–∞—Ä–µ–≤–∞....–µ–≥–æ –ø–µ—Å–Ω—è –æ—á–µ–Ω—å –æ–±—ã—á–Ω–∞—è.–ù–∏—á–µ–≥–æ –∏–Ω—Ç–µ—Ä–µ—Å–Ω–æ–≥–æ.–≠—Ç–æ –ª–∏—á–Ω–æ –ú–û–ï –ú–ù–ï–ù–ò–ï! –Ω–æ –≤—Å–µ —Ä–æ–¥—Å—Ç–≤–µ–Ω–Ω–∏–∫–∏ –∏ –¥—Ä—É–∑—å—è –±—É–¥—É—Ç –≥–æ–ª–æ—Å–æ–≤–∞—Ç—å –∑–∞ –£–∫—Ä–∞–∏–Ω—É!–°–∞–º–∏ —Å –ê–∑–µ—Ä–±–∞–π–¥–∂–∞–Ω–∞ –Ω–æ –ø–µ—Å–Ω—è –°–∞–º—Ä—ã –¥–∞ –∏–Ω—Ç–µ—Ä–µ—Å–Ω–∞—è –Ω–æ –Ω–µ –¥–ª—è –Ω–æ–º–µ—Ä–∞ 1! –ù–∞–¥–µ—é—Å—å –°–∞–º—Ä–∞ –≤–æ–π–¥–µ—Ç –≤ 10.–£–¥–∞—á–∏ –í—Å–µ–º! –ü–£–°–ö–ê–ô –ø–æ–±–µ–¥–∏—Ç —Ç–∞ –ø–µ—Å–Ω—è –∫–æ—Ç–æ—Ä–∞—è –¥–µ–π—Å—Ç–≤–∏—Ç–µ–ª—å–Ω–æ –∑–∞—Å–ª—É–∂–∏–≤–∞–µ—Ç –Ω–∞ —ç—Ç–æ!!!",—Å –ê–∑–µ—Ä–±–∞–π–¥–∂–∞–Ω–∞,–î–Ω–µ–ø—Ä–æ–ø–µ—Ç—Ä–æ–≤—Å–∫ (–î–Ω–µ–ø—Ä),30,–£–∫—Ä–∞–∏–Ω–∞,1
0,111976664.0,2313142.0,–£ –∫–æ–≥–æ –µ—Å—Ç—å –Ω–æ–º–µ—Ä —Ç–µ–ª–µ—Ñ–æ–Ω–∞ —É—á–∞—Å—Ç–Ω–∏—Ü—ã —Å –î–∞–Ω–∏–∏!?,—Å –î–∞–Ω–∏–∏,–ö–∏–µ–≤,26,–£–∫—Ä–∞–∏–Ω–∞,2
0,115526818.0,18125431.0,–Ø —Å –£–∫—Ä–∞–∏–Ω—ã,—Å –£–∫—Ä–∞–∏–Ω—ã,–ö—Ä–∞–º–∞—Ç–æ—Ä—Å–∫,17,–£–∫—Ä–∞–∏–Ω–∞,2
0,116366944.0,1812134.0,"[id296956174|Argen], —ç—Ç–æ –§—Ä–∞–Ω—Å –Ω–µ —Å—Ç–æ–∏—Ç —Ä—è–¥–æ–º —Å –°–∞–Ω-–ú–∞—Ä–∏–Ω–æ –∏ –ß–µ—Ä–Ω–æ–≥–æ—Ä–∏–µ–π",—Å –°–∞–Ω-–ú–∞—Ä–∏–Ω–æ,None,14,–£–∫—Ä–∞–∏–Ω–∞,2
0,116384596.0,2293484.0,–ù–∞ —Å—Ç–± —Å –ë–æ–ª–≥–∞—Ä–∏–∏ –ø–æ–µ—Ç —Å–µ–π—á–∞—Å,—Å –ë–æ–ª–≥–∞—Ä–∏–∏,–ò–≤–∞–Ω–æ-–§—Ä–∞–Ω–∫–æ–≤—Å–∫,23,–£–∫—Ä–∞–∏–Ω–∞,1
0,116761305.0,17847157.0,—Å–∞–º–æ–µ —Ä–∂–∞—á–Ω–æ–µ –≤ —ç—Ç–æ–º –º–æ–º–µ–Ω—Ç–µ —á—Ç–æ —Å—É–¥—å—è —á—É—Ä–∫–∞)) –•–æ—Ç—è —Å –£–∫—Ä–∞–∏–Ω—ã –∫—Ä–∏—á–∞—Ç –ø—Ä–æ –ú–∞—Å–∫–≤–æ–±–∞–¥)ü§£ü§£ü§£üòÑ,—Å –£–∫—Ä–∞–∏–Ω—ã,–û–¥–µ—Å—Å–∞,27,–£–∫—Ä–∞–∏–Ω–∞,2
0,11758286.0,1940350.0,"[id138529881|–ê—Ä—Å–µ–Ω], —è –Ω–µ –≥–æ–≤–æ—Ä—é –æ –ø—Ä–æ—Ü–≤–µ—Ç–∞–µ—Ç. –Ø –≥–æ–≤–æ—Ä—é, —á—Ç–æ —Ç–∞–º –Ω–∏–∫—Ç–æ –Ω–∏–∫–æ–≥–æ –ù–ï –£–ë–ò–í–ê–ï–¢! –ì–æ—Å–ø–æ–¥–∏ –±–æ–∂–µ –º–æ–π, –∞ —Ä–∞–Ω—å—à–µ –∂–µ —Ç–∞–º –Ω–∞ —Ä—É—Å—Å–∫–æ–º –Ω—É –≤–æ–±—â–µ –Ω–µ —Ä–∞–∑–≥–æ–≤–∞—Ä–∏–≤–∞–ª–∏! –¢–æ–ª—å–∫–æ –≤—ã –∑–∞–±—ã–≤–∞–µ—Ç–µ, —á—Ç–æ –≤ –ö—Ä—ã–º—É –µ—Å—Ç—å –Ω–∞—Ä–æ–¥, –∫–æ—Ç–æ—Ä—ã–π –æ—Å—Ç–∞–ª—Å—è –±–µ–∑ –±–µ–∑ –∑–µ–º–ª–∏, –∫–æ—Ç–æ—Ä—ã–π –∞–∂ –Ω–∏–∫–∞–∫ –Ω–µ –∂–¥–∞–ª–∏ —Ç–∞–∫–∏—Ö ""–æ—Å–≤–æ–±–æ–¥–∏—Ç–µ–ª–µ–π""! –Ø –≤–æ—Ç –≤—Å–µ –≤—Ä–µ–º—è –¥–∞—é —Å–µ–±–µ —É—Å—Ç–∞–Ω–æ–≤–∫—É –Ω–µ –≤–ª–µ–∑–∞—Ç—å –≤ —Ç–∞–∫–∏–µ –¥–∏–∞–ª–æ–≥–∏, –∏ —ç—Ç–æ –ø–æ—Å–ª–µ–¥–Ω–∏–π —Ä–∞–∑, —á–µ—Å—Ç–Ω–æ–µ —Å–ª–æ–≤–æ, –Ω–æ –∫–∞–∫ –≤—ã —Å–º–µ–µ—Ç–µ —Å—É–¥–∏—Ç—å —Ç–æ, —á—Ç–æ –ø—Ä–æ–∏—Ö–æ–¥–∏—Ç —É –Ω–∞—Å, –±—É–¥—É—á–∏ –Ω–µ –ó–î–ï–°–¨? –Ø –≤ —à–æ–∫–µ. –Ø –ø—Ä–æ—Å—Ç–æ –≤ —à–æ–∫–µ, —á–∏—Ç–∞—è —Ç–∞–∫–∏–µ –ø–æ—Å—Ç—ã. –£ –Ω–∞—Å —Ç—É—Ç –ø—Ä—è–º –¢—Ä–µ—Ç–∏–π –†–µ–π—Ö. –û–∫–µ–π:) –ü–æ–π–¥—É –ì–∏—Ç–ª–µ—Ä—É –ø–æ–º–æ–ª—é—Å—å. –ö—Å—Ç–∞—Ç–∏ —Å–∫–∞–∑–∞—Ç—å, –∫–æ–ª–∏—á–µ—Å—Ç–≤–æ –ø–µ—Ä–µ—Å–µ–ª–µ–Ω—Ü–µ–≤ —Å –ö—Ä—ã–º–∞ –Ω–µ –º–Ω–æ–≥–∏–º —É—Å—Ç—É–ø–∞–µ—Ç –∫–æ–ª–∏—á–µ—Å—Ç–≤—É –ø–µ—Ä–µ—Å–µ–ª–µ–Ω—Ü–µ–≤ —Å –î–æ–Ω–±–∞—Å—Å–∞, —Å —á–µ–≥–æ –±—ã —ç—Ç–æ –≤–¥—Ä—É–≥. –ê –µ—â–µ —É –º–µ–Ω—è —Å–µ–º—å—è —Ä—É—Å—Å–∫–æ–∫–æ–≤–æ—Ä—è—â–∞—è, –∫–∞–∫ —ç—Ç–æ –Ω–∞—Å –µ—â–µ –Ω–µ —Å—å–µ–ª–∏ –ø—Ä–∏—Å–ø–µ—à–Ω–∏–∫–∏ –ì–∏—Ç–ª–µ—Ä–∞, —É–¥–∏–≤–ª—è—é—Å—å.",—Å –ö—Ä—ã–º–∞,–£–∑–∏–Ω,None,–£–∫—Ä–∞–∏–Ω–∞,1
0,118945738.0,1967815.0,"–ü–æ–ª—å—à–∞ –¥–æ–ª–∂–Ω–∞ –ø–æ–±–µ–¥–∏—Ç—å... —à–∏–∫–∞—Ä–Ω–∞—è –ø–µ—Å–Ω—è, –∏—Å–ø–æ–ª–Ω–µ–Ω–∏–µ –∏ –ø–æ–¥—Ö–æ–¥‚ù§üåü, –ü–æ–ª—å—à–∞ –ø—Ä–∏–≤–µ—Ç —Å –£–∫—Ä–∞–∏–Ω—ã, —Ç—ã –ª—É—á—à–∏–∏–∏–∏–∏–π!",—Å –£–∫—Ä–∞–∏–Ω—ã,–ö–∏–µ–≤,18,–£–∫—Ä–∞–∏–Ω–∞,1
0,121137847.0,1869121.0,"–•–æ—Ä–æ—à–æ –≤—ã—Å—Ç—É–ø–∏–ª!!!!! –≠—Ñ–µ–∫—Ç—ã –∏ –ø–æ—Å—Ç–∞–Ω–æ–≤–∫–∞ –∫—Ä—É—Ç—ã–µ))) –ø–µ—Å–Ω—è —Å–∏–ª—å–Ω–∞—è, –≥–æ–ª–æ—Å –æ—Ç–ª–∏—á–Ω—ã–π))))
–Ø —Ö–æ—Ç—å –∏ —Å –£–∫—Ä–∞–∏–Ω—ã –Ω–æ –°–µ—Ä–≥–µ—é –õ–∞–∑–∞—Ä–µ–≤—É –∂–µ–ª–∞—é —É–¥–∞—á–∏))) 
–û–Ω –º–æ–ª–æ–¥–µ—Ü!!!!üëçüëçüëçüëçüëçüëçüëçüëçüëç",—Å –£–∫—Ä–∞–∏–Ω—ã,–ü–∞—Ä–∞—Ñ–∏–µ–≤–∫–∞,None,–£–∫—Ä–∞–∏–Ω–∞,1
0,124341184.0,1638291.0,"–Ø —Å –£–∫—Ä–∞–∏–Ω—ã, –Ω–æ –∑–∞ –õ–∞–∑–∞—Ä–µ–≤–∞ –±—É–¥—É –±–æ–ª–µ—Ç—å üò±üëçüëçüëèüëèüëèüëè",—Å –£–∫—Ä–∞–∏–Ω—ã,–ö–∏–µ–≤,19,–£–∫—Ä–∞–∏–Ω–∞,1
0,1259754.0,2024724.0,"–ö–∞–∫ —Å –£–∫—Ä–∞–∏–Ω—ã –≥–æ–ª–æ—Å–æ–≤–∞—Ç—å, –ø–æ–¥—Å–∫–∞–∂–∏—Ç–µ –ø–æ–∂–∞–ª—É–π—Å—Ç–∞",—Å –£–∫—Ä–∞–∏–Ω—ã,–î–æ–Ω–µ—Ü–∫,None,–£–∫—Ä–∞–∏–Ω–∞,1
0,126149550.0,1687025.0,"–†–µ–±—è—Ç,—è —Ñ–∏–≥–µ—é.–ù–∞–ø–æ–ª–∏ —Ñ–∏–Ω–∞–ª–∏—Å—Ç –ø–æ–ª—å—Å–∫–æ–≥–æ –æ—Ç–±–æ—Ä–∞ —Å —Ç–æ–π –∂–µ –ø–µ—Å–Ω–µ–π.–≠—Ç–æ –ø–∏–∑–¥–µ—Ü.–£–∂–µ —Ä–∞–¥–æ–≤–∞–ª—Å—è —á—Ç–æ –Ω–∞ –µ–≤—Ä–æ –Ω–µ –±—É–¥–µ—Ç –µ–µ,—Ç–∞–∫ –≤–æ—Ç –æ–Ω–∞ —Å –ü–æ–ª—å—à–∏ –º–æ–∂–µ—Ç –ø–æ–ø–∞—Å—Ç—å.–í —à–æ–∫–µ –ø—Ä–æ—Å—Ç–æ –æ—Ç –Ω–∏—Ö",—Å –ü–æ–ª—å—à–∏,–ì–∞–π—Å–∏–Ω,20,–£–∫—Ä–∞–∏–Ω–∞,2
0,12909921.0,1511033.0,"[id268844956|–°–æ–Ω—è], —á–µ–≥–æ? –Ø —Å –£–∫—Ä–∞–∏–Ω—ã,–Ω–æ —è –∑–∞ –ü–æ–ª–∏–Ω—É))–∏ –≤—Å–µ –º–æ–µ –æ–∫—Ä—É–∂–µ–Ω–∏–µ —Ç–æ–∂–µ –∑–∞ –Ω–µ–µüòä",—Å –£–∫—Ä–∞–∏–Ω—ã,–ö–∏–µ–≤,None,–£–∫—Ä–∞–∏–Ω–∞,1
0,13007261.0,2032997.0,–ù–∞ –∫–∞–∫–æ–π –Ω–æ–º–µ—Ä –æ—Ç–ø—Ä–∞–≤–ª—è—Ç—å —Å –º–∞–ª—å—Ç—ã???? –°—Ä–æ—á–Ω–æ!!!,—Å –º–∞–ª—å—Ç—ã,–ß–µ—Ä–Ω–æ–º–æ—Ä—Å–∫ / –ò–ª—å–∏—á–µ–≤—Å–∫,31,–£–∫—Ä–∞–∏–Ω–∞,2
0,131880151.0,1892882.0,"[id325482973|–û–∫—Å–∞–Ω–∞], –ù–∏–∫–æ–ª–∞–π—á—É–∫ —ç—Ç–æ –≤—Ç–æ—Ä–∞—è –ò—Å–∞–∞–∫ —Å –ú–æ–ª–¥–æ–≤—ã. –î–∞–∂–µ –≤–Ω–µ—à–Ω–µ –ø–æ—Ö–æ–∂–∏, –Ω–µ –≥–æ–≤–æ—Ä—è —É–∂–µ –æ —Ç–æ–º, —á—Ç–æ –≤ –ù–∏–∫–æ–ª–∞–π—á—É–∫ 0 —Ö–∞—Ä–∏–∑–º—ã –∏ —ç–Ω–µ—Ä–≥–µ—Ç–∏–∫–∏. –°—Ä–∞–≤–Ω–∏–≤–∞—Ç—å –µ—ë —Å –î–∂–∞–º–∞–ª–æ–π –≤–æ–æ–±—â–µ –Ω–µ—É–º–µ—Å—Ç–Ω–æ. –ò–±–æ —ç—Ç–æ –Ω–µ–±–æ –∏ –∑–µ–º–ª—è.",—Å –ú–æ–ª–¥–æ–≤—ã,None,None,–£–∫—Ä–∞–∏–Ω–∞,1
0,133738168.0,1673565.0,"[id338086551|–ñ–∞–Ω–Ω–∞], –≤ —Å–º—ã—Å–ª–µ? –î–∂–∞–º–∞–ª–∞ —Å –ö—Ä—ã–º–∞, –æ–Ω–∞ —Ç–∞—Ç–∞—Ä–∫–∞
–ê –∫–∞–∫ –º—ã –∑–Ω–∞–µ–º - –ö—Ä–∏–º - —Ü–µ –£–∫—Ä–∞—ó–Ω–∞!",—Å –ö—Ä—ã–º–∞,–ö–∏–µ–≤,None,–£–∫—Ä–∞–∏–Ω–∞,1
0,135892533.0,341924.0,"–ê–Ω–∞–ª–æ–≥–∏—á–Ω—ã–π –≤–æ–ø—Ä–æ—Å —É –º–µ–Ω—è, —Ç–æ–ª—å–∫–æ —Å –£–∫—Ä–∞–∏–Ω—ã –≤ –†–æ—Å—Å–∏—é?",—Å –£–∫—Ä–∞–∏–Ω—ã,–û–¥–µ—Å—Å–∞,25,–£–∫—Ä–∞–∏–Ω–∞,1
0,138368067.0,2243663.0,"[id89219038|–ê–Ω–∂–µ–ª–∏–∫–∞], –º–æ–∂–µ—Ç —á—Ç–æ –ø–æ–º–µ–Ω—è–µ—Ç –∏ –µ–≤—Ä–æ–≤–∏–¥–∏–Ω—å–µ —Å –ö–∏–µ–≤–∞ –ø–µ—Ä–µ–Ω–µ—Å—É—Ç –≤ –º–æ–∑–∫–≤—É )",—Å –ö–∏–µ–≤–∞,None,21,–£–∫—Ä–∞–∏–Ω–∞,2
0,138545608.0,2378648.0,–ü–æ–∑–¥—Ä–∞–≤–ª–µ–Ω–∏–µ —Å –£–∫—Ä–∞–∏–Ω—ã,—Å –£–∫—Ä–∞–∏–Ω—ã,–õ—å–≤–æ–≤,19,–£–∫—Ä–∞–∏–Ω–∞,2
0,13919502.0,2003416.0,"–†–ï–ë–Ø–¢–ê, –ö–¢–û –° –£–ö–†–ê–ò–ù–´? –ö–∞–∫ –≥–æ–ª–æ—Å–æ–≤–∞—Ç—å –∑–∞ –õ–ê–ó–ê–†–ï–í–ê? –ù–∞–ø–∏—à–∏—Ç–µ –≤ –ª–∏—á–∫—É! –ê —Ç–æ —è —Å–º–æ—Ç—Ä—é —Ç—Ä–∞–Ω—Å–ª—è—Ü–∏—é –±–µ–∑ –ø–µ—Ä–µ–≤–æ–¥–∞, –ø–µ—Ä–≤—ã–π –Ω–∞—Ü–∏–æ–Ω–∞–ª—å–Ω—ã–π –Ω–µ –≥—Ä—É–∑–∏—Ç—Å—è —á–µ—Ä–µ–∑ –∫–æ–º–ø(( –Ω–∞–ø–∏—à–∏—Ç–µ –∫–∞–∫–æ–π –Ω–æ–º–µ—Ä —Ç–µ–ª–µ—Ñ–æ–Ω–∞ –∏ –∫–∞–∫–æ–π –Ω–æ–º–µ—Ä –õ–∞–∑–∞—Ä–µ–≤–∞",–° –£–ö–†–ê–ò–ù–´,–•–∞—Ä—å–∫–æ–≤,None,–£–∫—Ä–∞–∏–Ω–∞,2
0,139296528.0,1678349.0,"–ù–∞—á–Ω—É —Å –£–∫—Ä–∞–∏–Ω—ã, –∞ –ø–æ—Ç–æ–º –ø–∞—Ä–∞–ª–µ–ª—å–Ω–æ –î–∞–Ω–∏—é –∏ –ú–µ–ª—Ñ–µ—Å—Ç",—Å –£–∫—Ä–∞–∏–Ω—ã,–•–∞—Ä—å–∫–æ–≤,17,–£–∫—Ä–∞–∏–Ω–∞,2
0,13930366.0,1732595.0,"[id267814266|–†—É—Å–ª–∞–Ω], —è —Å –£–∫—Ä–∞–∏–Ω—ã –º–Ω–µ –Ω—Ä–∞–≤–∏—Ç—Å—è,–±—É–¥—É –≥–æ–ª–æ—Å–æ–≤–∞—Ç—å –∑–∞ –õ–∞–∑–∞—Ä–µ–≤–∞ —Å–∫–æ—Ä–µ–µ –≤—Å–µ–≥–æ.",—Å –£–∫—Ä–∞–∏–Ω—ã,–•–∞—Ä—å–∫–æ–≤,None,–£–∫—Ä–∞–∏–Ω–∞,1
0,139490938.0,17549940.0,"[id306602464|–≠–ª—å–±—Ä—É—Å], –Ω—É –µ—Å–ª–∏ —É —Ç–µ–±—è –¥–æ–ø—É—Å—Ç–∏–º –¥–æ—Å—Ç—É–ø –≤ –≤–∫, —Ç–æ —Å –ì–µ—Ä–º–∞–Ω–∏–∏, —Ç–æ —Å –§–∏–Ω, —Ç–æ –ø–æ–æ—Å–µ–∫—É—Ç",—Å –ì–µ—Ä–º–∞–Ω–∏–∏,–®–æ—Å—Ç–∫–∞,21,–£–∫—Ä–∞–∏–Ω–∞,2
0,140304956.0,354594.0,"–ö [id3543189|–ó–∞—Å–µ–ª—è–Ω—É] –≤ –≥–æ—Å—Ç–∏ –∑–∞–µ–∑–∂–∞–π—Ç–µ, –µ—Å–ª–∏ –æ–Ω –Ω–∞ —Ç–æ –≤—Ä–µ–º—è –≤–µ—Ä–Ω—ë—Ç—Å—è —Å –ò—Å–ª–∞–Ω–¥–∏–∏)",—Å –ò—Å–ª–∞–Ω–¥–∏–∏,None,None,–£–∫—Ä–∞–∏–Ω–∞,2
0,140991551.0,2082500.0,"[id222367663|–ò–ª–∞—Ö–∞], —É —Ç–µ–±—è –∑–∞–π–º–µ—Ç –æ–Ω —É –º–∞–ª–æ–ª–µ—Ç–∫–∏üòä  –∏ –ø—Ä–æ–≤–µ–¥–µ—Ç. –ï—Å–ª–∏ –ø–æ–º–Ω–∏—à—å –º—ã —É–∂–µ –ø—Ä–æ–≤–æ–¥–∏–ª–∏ –Ω–∞ –≤—ã—Å—à–µ–º —É—Ä–æ–≤–Ω–µ, –≤–∫–ª—é—á–∏ —é—Ç—É–± –∏ —Å–º–æ—Ç—Ä–∏ –ï–≤—Ä–æ–≤–∏–¥–µ–Ω–∏–µ 2005 —Å –ö–∏–µ–≤–∞. –ù–æ —Ç—ã —Ç–æ–≥–¥–∞ –≤–∏–¥–∞—Ç—å –µ—â–µ –≤ –ø—Ä–æ–µ–∫—Ç–µ –±—ã–ª–∞.
–ï–≤—Ä–æ–≤–∏–¥–µ–Ω–∏–µ 2017 –ø—Ä–æ–π–¥–µ—Ç –≤ –ö–∏–µ–≤–µ –∏–ª–∏ –õ—å–≤–æ–≤–µ, —ç—Ç–æ —Ç–æ—á–Ω–æ.",—Å –ö–∏–µ–≤–∞,–ö–∏–µ–≤,25,–£–∫—Ä–∞–∏–Ω–∞,2
0,142571397.0,2113883.0,"–ö—Ä–∞—Å–∞–≤—á–∏–∫! –Ø —Ö–æ—Ç—å –∏ —Å –£–∫—Ä–∞–∏–Ω—ã, –Ω–æ –Ω–∞ —ç—Ç–æ–º –ï–≤—Ä–æ–≤–∏–¥–µ–Ω–∏–µ –±–æ–ª–µ–ª–∞ –∫–∞–∫ –∑–∞ –î–∂–∞–º–∞–ª—É, —Ç–∞–∫ –∏ –∑–∞ –°–µ—Ä—ë–∂–∫—É!",—Å –£–∫—Ä–∞–∏–Ω—ã,–í–∏–Ω–Ω–∏—Ü–∞,None,–£–∫—Ä–∞–∏–Ω–∞,1
0,143209093.0,1626373.0,–ò —Ç–∞–∫ –º–Ω–æ–≥–æ —Å –ö–∏–µ–≤–∞ –∏ –ò–≤–∞–Ω–æ-–§—Ä–∞–Ω–∫–æ–≤—Å–∫–∞. –ò –ø–æ –æ–¥–Ω–æ–º—É —Å –í–∏–Ω–Ω–∏—Ü—ã –∏ –õ—É–≥–∞–Ω—Å–∫–∞.,—Å –ö–∏–µ–≤–∞,–î–Ω–µ–ø—Ä–æ–ø–µ—Ç—Ä–æ–≤—Å–∫ (–î–Ω–µ–ø—Ä),None,–£–∫—Ä–∞–∏–Ω–∞,1
0,14412620.0,2317709.0,"[id13045111|–ú–∞–∫—Å], –¥–∞ –≤ —É–∫—Ä–∞–∏–Ω–µ –∫—É—á–∞ –ø—Ä–æ–≥–≥—Ä–∞–º–º –≥–¥–µ –æ–Ω–∞ –Ω–∞–ø—Ä—è–º—É—é –Ω–∞–º–µ–∫–∞–µ—Ç –ø—Ä–æ –ø—Ä–∏—á–∞—Å—Ç–Ω–æ—Å—Ç—å –ø–µ—Å–Ω–∏ –∫ –¥–µ–ø–æ—Ä—Ç–∞—Ü–∏–∏, –æ–Ω–∞ –ø–æ—Å–≤—è—Ç–∏–ª–∞ –µ–µ —Å–≤–æ–µ–π –±–∞–±—É–ª–µ –∫–æ—Ç–æ—Ä–∞—è –±—ã–ª–∞ –¥–µ–ø–æ—Ä—Ç–∏—Ä–æ–≤–∞–Ω–∞, –Ω—É —Å–µ—Ä—å–µ–∑–Ω–æ –ø–∞—Ä–µ–Ω—å —Ç—ã —á–µ?))) —è –±–µ–∑ –≤—Å—è–∫–æ–≥–æ —è –¥–∞–ª–µ–∫–æ –Ω–µ –µ–µ —Ñ–∞–Ω–∞—Ç —Ö–æ—Ç—å –∏ —Å–∞–º —Å –£–∫—Ä–∞–∏–Ω—ã.",—Å –£–∫—Ä–∞–∏–Ω—ã,–•–∞—Ä—å–∫–æ–≤,None,–£–∫—Ä–∞–∏–Ω–∞,2
0,144373628.0,391791.0,"–æ–±—Å—Ç–∞–Ω–æ–≤–æ—á–∫–∞ —Å—É–ø–µ—Ä, —É –Ω–∞—Å –º–Ω–æ–≥–æ –æ—Ç–¥—ã—Ö–∞—é—â–∏—Ö —Å –†–æ—Å—Å–∏–∏, —Å —ç—Ç–∏–º –≤—Å–µ –≤ –ø–æ—Ä—è–¥–∫–µ) –Ω–æ –Ω–∞ –≥—Ä–∞–Ω–∏—Ü–µ –º–æ–≥—É—Ç —Ä–∞–∑–≤–µ—Ä–Ω—É—Ç—å, –æ–¥–Ω–æ–≥–æ –º–æ–µ–≥–æ –∑–Ω–∞–∫–æ–º–æ–≥–æ –Ω–µ –ø—É—Å—Ç–∏–ª–∏. –µ—Å–ª–∏ –æ—á–µ–Ω—å –Ω–∞–¥–æ –≤ –£–∫—Ä–∞–∏–Ω—É, –∏  —ç—Ç–æ –≤–æ–ø—Ä–æ—Å –∂–∏–∑–Ω–∏ –∏ —Å–º–µ—Ä—Ç–∏, —Ç–æ –ª—É—á—à–µ –ø–æ–¥—Å—Ç—Ä–∞—Ö–æ–≤–∞—Ç—å—Å—è –∏ —Å–¥–µ–ª–∞—Ç—å –ø—Ä–∏–≥–ª–∞—à–µ–Ω–∏–µ )",—Å –†–æ—Å—Å–∏–∏,–ß–µ—Ä–Ω–æ–≤—Ü—ã,21,–£–∫—Ä–∞–∏–Ω–∞,1
0,144742624.0,1977366.0,"—è —Å–∞–º —Å –£–∫—Ä–∞–∏–Ω—ã,–Ω–æ –¥—É–º–∞—é –ø–æ–±–µ–¥–∏—Ç –õ–∞–∑–∞—Ä–µ–≤,—É–∂ –æ—á–µ–Ω—å —Ö–æ—Ä–æ—à–∞ –∫–æ–º–ø–æ–∑–∏—Ü–∏—è,–î–∂–∞–º–∞–ª–∞ 2,—Ö–æ—Ç—å –∏ –ø—Ä–æ–Ω–∏–∫–Ω–æ–≤–µ–Ω–Ω–∞—è –ø–µ—Å–Ω—è,–Ω–æ –ø–æ—Å–º–æ—Ç—Ä–∏–º.",—Å –£–∫—Ä–∞–∏–Ω—ã,–ö–ª–∏—à–∫–æ–≤—Ü—ã,None,–£–∫—Ä–∞–∏–Ω–∞,2
0,146426926.0,170160.0,"[id24106216|–Ø–Ω–∞], —Ç–æ–ª—å–∫–æ –µ—â–µ –º–æ–∂–Ω–æ —É–∫—Ä —Ñ–ª–∞–≥, –∏–±–æ —è —Å —É–∫—Ä–∞–∏–Ω—ã‚ù§",—Å —É–∫—Ä–∞–∏–Ω—ã,–ó–∞–ø–æ—Ä–æ–∂—å–µ,None,–£–∫—Ä–∞–∏–Ω–∞,1
0,146896343.0,2367729.0,"[id229380757|–°–≤–µ—Ç–ª–∞–Ω–∞], –Ω–µ –∑–Ω–∞—é –∫–∞–∫ —Ç–∞–º –≤–∞–º, –∞ –º–Ω–µ –í–ö –Ω—É–∂–µ–Ω ... –≤–∞—É, –∫–æ–º—É —Ç–æ —Å –†–æ—Å—Å–∏–∏ –Ω–µ –ø–ª–µ–≤–∞—Ç—å –Ω–∞ —É–∫—Ä–∞–∏–Ω—Å–∫–∏–π –∑–∞–∫–æ–Ω üò± —á—Ç–æ-—Ç–æ –∫—Ä—É–ø–Ω–æ–µ –≤ –ª–µ—Å—É —Å–¥–æ—Ö–ª–æ ?",—Å –†–æ—Å—Å–∏–∏,–ö–∏–µ–≤,None,–£–∫—Ä–∞–∏–Ω–∞,1
0,148073442.0,1923030.0,7766 —Å –£–∫—Ä–∞–∏–Ω—ã,—Å –£–∫—Ä–∞–∏–Ω—ã,–ö–∏–µ–≤,23,–£–∫—Ä–∞–∏–Ω–∞,2
0,148417455.0,166480.0,"–ú–∞–ª—å—á–∏—à–∫–∏,–¥–µ–≤—á–µ–Ω–∫–∏ –≤ –¥—Ä—É–≥–æ–π –≥—Ä—É–ø–ø–µ –Ω–∞—à–ª–∞,–∑–∞—Ö–æ—Ç–µ–ª–æ—Å—å –∫–∞–ø–µ—Ü,–∂–¥—É –º–∞—Å—Ç–µ—Ä–∞ —Å –ö–∏–µ–≤–∞ü§ó",—Å –ö–∏–µ–≤–∞,–û–¥–µ—Å—Å–∞,29,–£–∫—Ä–∞–∏–Ω–∞,1
0,149452357.0,2054198.0,"—è —Å –£–∫—Ä–∞–∏–Ω—ã, –Ω–æ –≥—É–Ω–¥–æ—Å—É—é –¥–∂–∞–º–∞–ª—É —Ç–µ—Ä–ø–µ—Ç—å –Ω–µ –º–æ–≥—É. –±—ã–ª–æ –ø–æ–ª–Ω–æ –±–æ–ª–µ–µ –¥–æ—Å—Ç–æ–π–Ω—ã—Ö –Ω–æ–º–µ—Ä–æ–≤!",—Å –£–∫—Ä–∞–∏–Ω—ã,–û–¥–µ—Å—Å–∞,None,–£–∫—Ä–∞–∏–Ω–∞,1
0,150262351.0,2196649.0,"[id66472928|–ï–≤–≥–µ–Ω–∏–π], –æ–Ω–∏ —Å —É–∫—Ä–∞–∏–Ω—ã",—Å —É–∫—Ä–∞–∏–Ω—ã,–õ—É—Ü–∫,None,–£–∫—Ä–∞–∏–Ω–∞,2
0,150355444.0,1937289.0,"[id158027972|–°–≤–µ—Ç–ª–∞–Ω–∞], –º–Ω–µ —Ç–æ–∂–µ –∏–Ω—Ç–µ—Ä–µ—Å–Ω–æ –∫–∞–∫ –ø–æ–≤–µ–¥—É—Ç—å—Å—è –≤—Å–µ —ç—Ç–∏ —Ä—É—Å–æ—Ñ–æ–±—ã. –Ø —Å –£–∫—Ä–∞–∏–Ω—ã –±—ã —è —Å —Ä–∞–¥–æ—Å—Ç—å—é –ø—Ä–∏—à—ë–ª –±—ã –∫ –≤–∞–º. –ù—É –∏ –≤–µ—Ä—é —á—Ç–æ –∏ –≤—ã –±—ã —Ç–æ–∂–µ –ø—Ä–∏—à–ª–∏ –∫ –Ω–∞–º. –í—Å—ë —Ç–∞–∫–∏ –µ—Å—Ç—å –≤ –Ω–∞—à–∏—Ö —Å—Ç—Ä–∞–Ω–∞–∑ –∑–¥—Ä–∞–≤–æ–º—ã—Å–ª—è—â–∏–µ –ª—é–¥–∏.",—Å –£–∫—Ä–∞–∏–Ω—ã,–ì—Ä–µ–±–ª—è,None,–£–∫—Ä–∞–∏–Ω–∞,2
0,150573440.0,2341754.0,"–ö—É–ø–ª–µ–Ω–æ, –∞—Ñ–∏–≥–µ–Ω–Ω–æ–µ —à–æ—É, —É —ç—Ç–æ–≥–æ —Å –ü–æ—Ä—Ç—É–≥–∞–ª–∏–∏ –¥–∞–∂–µ –Ω–µ—Ç—É —á—É–≤—Å—Ç–≤, –∫–æ–≥–¥–∞ 12 –¥–∞—é—Ç",—Å –ü–æ—Ä—Ç—É–≥–∞–ª–∏–∏,–í–∏–Ω–Ω–∏—Ü–∞,None,–£–∫—Ä–∞–∏–Ω–∞,2
0,150658107.0,2112897.0,"–ë–ª–∏–Ω,—Å–º–æ—Ç—Ä—é –∫–æ–º–º–µ–Ω—Ç—ã...—Å–∫–æ–ª—å–∫–æ —à–∫–æ–ª–æ—Ç—ã –º–∞—Ç—é–∫–ª–∏–≤–æ–π —Ä–∞–∑–≤–µ–ª–æ—Å—å!–≤–æ—Ç —Ç–∞–∫ –ø–µ—á–∞–ª—å–Ω–æ,—á—Ç–æ –∫–æ–Ω–∫—É—Ä—Å –ø—Ä–µ–≤—Ä–∞—â–∞–µ—Ç—Å—è –≤ –≤–æ–π–Ω—É –∏ –æ–±—Å–∏—Ä–∞–Ω–∏–π —Å—Ç—Ä–∞–Ω,–∞ –∞–¥–º–∏–Ω–∏—Å—Ç—Ä–∞—Ü–∏—è —Ç–æ–∂–µ –Ω–µ —Å–∏–ª—å–Ω–æ —Å–º–æ—Ç—Ä–∏—Ç...—è —Å—á–∏—Ç–∞—é –≤—Å—è –µ–≤—Ä–æ–ø–∞ –¥–æ–ª–∂–Ω–∞ —É–≤–∞–∂–∞—Ç—å —Å–≤–æ–∏—Ö —Å–æ—Å–µ–¥–µ–π,–∫–∞–∫ –∏ –Ω–∞ –∫–æ–Ω–∫—É—Ä—Å–µ,—Ç–∞–∫ –∏ –≤ –∂–∏–∑–Ω–µ,–≤–µ–¥—å –ø–æ–º–Ω–∏—Ç–µ —Ç–µ –º–æ–º–µ–Ω—Ç—ã –∫–æ–≥–¥–∞ –≤—Å–µ –º–∏—Ä–Ω–æ –∂–∏–ª–∏...–∞ —Å–µ–π—á–∞—Å —á—Ç–æ?!
-—Ç—ã —Å —É–∫—Ä–∞–∏–Ω—ã?
-–¥–∞
-–∑–Ω–∞—á–∏—Ç***
–Ø —Ö–æ—á—É —á—Ç–æ –±—ã –º—ã...–ú–´ —É–≤–∞–∂–∞–ª–∏ –¥—Ä—É–≥ –¥—Ä—É–≥–∞ –∏ –±–æ–ª—å—à–µ –Ω–µ —Å—Å–æ—Ä–∏–ª–∏—Å—å!",—Å —É–∫—Ä–∞–∏–Ω—ã,–ß–µ—Ä–Ω–∏–≥–æ–≤,None,–£–∫—Ä–∞–∏–Ω–∞,2
0,151485665.0,415378.0,"[id279994105|–ê–Ω–∏–º–∞], –Ω–∞ —Å—á–µ—Ç –∞–≤—Ç–æ—Å—Ç–æ–ø–∞ —Ç–æ –ø–æ —Å–∞–º–æ–º—É –ø–∞–º–∏—Ä—Å–∫–æ–º—É —Ç—Ä–∞–∫—Ç—É –ª—é–¥–∏ –Ω–µ –±—Ä–∞–ª–∏ –ø–æ—Ç–æ–º—É —á—Ç–æ –º–∞—à–∏–Ω—ã –ø–æ–ª–Ω–æ—Å—Ç—å—é –∑–∞–±–∏—Ç—ã –±—ã–ª–∏. –ú–Ω–µ —Å –¥—Ä—É–≥–æ–º –ø–æ–≤–µ–∑–ª–æ –∞–∂ —Ç–æ–ª—å–∫–æ —Å –ö–∞—Ä–∞–∫—É–ª—è . –ù–∞—Å –¥–æ–≤–µ–∑–ª–∏ –¥–æ –ú—É—Ä–≥–∞–±–∞ –Ω–∞ –ø—É—Å—Ç–æ–π –∏–Ω–æ–º–∞—Ä–∫–µ  . –ò —Å –ú—É—Ä–≥–∞–±–∞ –Ω–∞—Å –±—ã—Å—Ç—Ä–æ –ø–æ–¥–æ–±—Ä–∞–ª  –¥–∞–ª—å–Ω–æ–±–æ–π—â–∏–∫ –µ—Ö–∞–≤—à–∏–π —Å –ö–∏—Ç–∞—è . 
–ê –Ω–∞ —Å—á–µ—Ç –æ–¥–µ—è–ª–∞, –¥—É–º–∞–ª–∏ —á—Ç–æ –º–æ–∂–µ—Ç —á–µ–º —Ç–æ –ø–æ–º–æ–∂–µ—Ç –≤ –ø–ª–∞–Ω–µ –Ω–µ –∑–∞–º–µ—Ä–∑–Ω—É—Ç—å. –ù–æ –ø–æ—Å–ª—É–∂–∏–ª —É–∫—Ä—ã—Ç–∏–µ–º –¥–ª—è —Ä—é–∫–∑–∞–∫–æ–≤ . –ò–±–æ –æ–Ω–∏ –Ω–µ –ø–æ–º–µ—â–∞–ª–∏—Å—å –≤ –ø–∞–ª–∞—Ç–∫–µ . –ù–∞–∫—Ä—ã–≤ –æ–¥–µ—è–ª–æ–º —Ä—é–∫–∑–∞–∫–∏, —Å–Ω–µ–≥ –±—ã–ª –Ω–µ –ø–æ–º–µ—Ö–æ–π))",—Å –ö–∏—Ç–∞—è,–ë–æ—Ä–∏—Å–ø–æ–ª—å,20,–£–∫—Ä–∞–∏–Ω–∞,2
0,151890745.0,2009182.0,"—è —Ö–æ—Ç—å —Å –£–∫—Ä–∞–∏–Ω—ã –Ω–æ –ø–µ—Å–Ω—è –°–µ—Ä–≥–µ—è –∫—É–¥–∞ –ª—É—á—à–µ –Ω–∞—à–µ–π, –º–æ–µ –º–Ω–µ–Ω–∏–µ!",—Å –£–∫—Ä–∞–∏–Ω—ã,–ö–∏–µ–≤,25,–£–∫—Ä–∞–∏–Ω–∞,2
0,152326410.0,2333294.0,"–°–Ω–µ–∂–∞–Ω–∞, –≤ —Å–º—ã—Å–ª–µ —Å –±–µ–ª–æ—Ä—É—Å–∏–∏? –ê —Ç—ã –ø–æ—Å–º–æ—Ç—Ä–∏ –∫—Ç–æ –∏—Ö —Ä–æ–∑–≤–æ–¥–∏—Ç, —Ä–æ—Å–∏–π—Å–∫–∏–µ –±–æ—Ç—ã))",—Å –±–µ–ª–æ—Ä—É—Å–∏–∏,–û–¥–µ—Å—Å–∞,19,–£–∫—Ä–∞–∏–Ω–∞,2
0,152845720.0,17513364.0,—á—Ç–æ –∑–∞ —Ä–µ–∫–ª–∞–º–∞?—è –ø—Ä–æ—Å—Ç–æ —Å —É–∫—Ä–∞–∏–Ω—ã),—Å —É–∫—Ä–∞–∏–Ω—ã,–ù–∏–∫–æ–ª–∞–µ–≤,None,–£–∫—Ä–∞–∏–Ω–∞,2
0,153518729.0,2273987.0,"[id6107974|–¢–∞—Ç–µ–≤–∏–∫], —Å–µ–π—á–∞—Å —Å–º–æ—Ç—Ä—é –ø—Ä—è–º—É—é —Ç—Ä–∞–Ω—Å–ª—è—Ü–∏—é —Å –ö–∏–µ–≤–∞! –í–°–ï –û–ö! –í–°–ï –û–¢–ú–ï–ß–ê–Æ–¢! –£ –Ω–∞—Å –≤ –≥–æ—Ä–æ–¥–µ —Ç–æ–∂–µ –æ—Ç–º–µ—á–∞—é—Ç. –û–∫–æ–ª–æ 10000 –ª—é–¥–µ–π –≤ –ö–∏–µ–≤–µ –≤—ã—à–ª–∏ –Ω–∞ —É–ª–∏—Ü—ã –∏ –æ—Ç–º–µ—á–∞—é—Ç –í–µ–ª–∏–∫–∏–π –¥–µ–Ω—å .",—Å –ö–∏–µ–≤–∞,–û–¥–µ—Å—Å–∞,None,–£–∫—Ä–∞–∏–Ω–∞,1
0,153648441.0,1937859.0,"[id295291379|–ö–∞—Ç—è], –¢—ã —Å –ë–µ–ª–æ—Ä—É—Å–∏? ‚Äî —É —Ç–µ–±—è –≤ —Å—Ç—Ä–∞–Ω–µ –ø—Ä–µ–∑–∏–¥–µ–Ω—Ç –∫–æ–º—É–Ω–∏—Å—Ç 
—Ñ–ª–∞–≥ —Å –∫–æ–º—É–Ω–∏—Å—Ç–∏—á–µ—Å–∫–æ–≥–æ —Ä–µ–∂–∏–º–∞ ‚Äî –≥–µ—Ä–± –∫–∞–∫ –≤ –°–°–°–† 
‚Äî —Ç—ã –¥—É–º–∞–µ—à—å —É —Ç–µ–±—è –≤ —Å—Ç—Ä–∞–Ω–µ –±—É–¥—É—Ç —Ä–∞—Å–∫–∞–∑—ã–≤–∞—Ç—å –ø—Ä–∞–≤–¥—É –æ –∫–æ–º—É–Ω–∏—Å—Ç–∏—á–µ—Å–∫–æ–º —Ä–µ–∂–∏–º–µ? 
–≠—Ç–æ –µ—â–µ –ø—Ä–∏ —Ç–æ–º —á—Ç–æ —É –≤–∞—Å –≤ —Å—Ç—Ä–∞–Ω–µ ‚Äî –ø–æ —Ç–µ–ª–µ–≤–∏–∑–æ—Ä—É –±–æ–ª—å—à–∞—è —á–∞—Å—Ç—å —Ä–æ—Å—Å–∏–π—Å–∫–æ–≥–æ –∫–æ–Ω—Ç–µ–Ω—Ç–∞",—Å –ë–µ–ª–æ—Ä—É—Å–∏,–•–∞—Ä—å–∫–æ–≤,None,–£–∫—Ä–∞–∏–Ω–∞,2
0,154928731.0,1587868.0,–ö–∞–∫ —Å –∞–∑–µ—Ä–±–∞–π–¥–∂–∞–Ω–∞ –≥–æ–ª–æ—Å–æ–≤–∞—Ç—å ?,—Å –∞–∑–µ—Ä–±–∞–π–¥–∂–∞–Ω–∞,–ö—Ä–∏–≤–æ–π –†–æ–≥,21,–£–∫—Ä–∞–∏–Ω–∞,2
0,156791830.0,2248613.0,"[id122085810|Dima], —è —Ö–æ—Ç—å –∏ —Å –£–∫—Ä–∞–∏–Ω—ã,  –Ω–æ –ø—Ä–æ—Ç–∏–≤ –∂—é—Ä–∏,  –æ–Ω–∏ –≤—Å–µ –ø–æ—Ä—Ç—è—Ç",—Å –£–∫—Ä–∞–∏–Ω—ã,–ö–∏–µ–≤,None,–£–∫—Ä–∞–∏–Ω–∞,1
0,157207610.0,1960979.0,"[id361073916|–ö—Ä–∏—Å—Ç–∏–Ω–∞], –Ω–µ —Ç—ã, –Ω—É —è—Å–Ω–æ–µ –¥–µ–ª–æ —Å –†–æ—Å—Å–∏–∏",—Å –†–æ—Å—Å–∏–∏,–ó–∞–ø–æ—Ä–æ–∂—å–µ,None,–£–∫—Ä–∞–∏–Ω–∞,1
0,157932940.0,2091359.0,"[id282915474|–ú–∞—Ä–∏–Ω–∞], –∞–≥–∞ –¥–ª—è –∫–æ–≥–æ )) —ç–º–∏–≥—Ä–∞–Ω—Ç–æ–≤ —Å –†–æ—Å—Å–∏–∏ )) –∫–æ—Ç–æ—Ä—ã—Ö —Ç–∞–º –∫–∞–∫  –º—ã—à–µ–π",—Å –†–æ—Å—Å–∏–∏,–ö–∏–µ–≤,31,–£–∫—Ä–∞–∏–Ω–∞,2
0,158408799.0,2527227.0,"[id51528088|–î–º–∏—Ç—Ä–∏–π], –¥–∞
–•–æ—Ç—å —Ä–∞–∑—Ä–∞–±–æ—Ç—á–∏–∫–∏ —Å –ü–æ–ª—å—à–∏ (—á—Ç–æ –Ω–µ–º–Ω–æ–≥–æ —Å–±–∏–≤–∞–µ—Ç —Å —Ç–æ–ª–∫—É)",—Å –ü–æ–ª—å—à–∏,–ü–æ–¥–æ–ª—å—Å–∫ / –ö–æ—Ç–æ–≤—Å–∫,None,–£–∫—Ä–∞–∏–Ω–∞,2
0,158597586.0,2026540.0,"[id16414709|–ê–Ω—è], –µ—Å–ª–∏ —Ç—ã —Å –£–∫—Ä–∞–∏–Ω—ã, —Ç–æ —Ç—ã –Ω–µ –º–æ–∂–µ—à—å –∑–∞ —Å–≤–æ–∏—Ö –≥–æ–ª–æ—Å–æ–≤–∞—Ç—å.",—Å –£–∫—Ä–∞–∏–Ω—ã,–ö—Ä–∏–≤–æ–π –†–æ–≥,18,–£–∫—Ä–∞–∏–Ω–∞,2
0,15892331.0,17782071.0,"""–§–æ—Ç–∫–∞ –ì–∏—Ç–ª–µ—Ä–∞"" –∏ –ø–æ–¥–ø–∏—Å—å, –Ω–∞—á–Ω—É —Å –ü–æ–ª—å—à–∏",—Å –ü–æ–ª—å—à–∏,–î–æ–Ω–µ—Ü–∫,None,–£–∫—Ä–∞–∏–Ω–∞,2
0,159674388.0,317719.0,"[id239680974|Sergey], –≤–∏–¥–∏–º–æ –æ–Ω —Å –£–∫—Ä–∞–∏–Ω—ã. –ù–∞ —É–∫—Ä–∞–∏–Ω—Å–∫–æ–º –±—É–¥–µ—Ç –ö–∞—Ä–ø–∞—Ç–∏.",—Å –£–∫—Ä–∞–∏–Ω—ã,None,None,–£–∫—Ä–∞–∏–Ω–∞,2
0,162364616.0,7662190.0,"[id55883894|–°–∞–Ω–µ–∫], —Ç–µ–±–µ —Å –ú–æ—Å–∫–≤—ã —Ö–æ—Ä–æ—à–æ ,–Ω–∞–≤–µ—Ä–Ω–æ–µ ,–≤–∏–¥–Ω–æ –∫—Ç–æ —Ç–µ—Ä—Ä–æ—Ä–∏—Å—Ç?–ü–æ–∫–∞ —Ç–∏—Ö–æ.",—Å –ú–æ—Å–∫–≤—ã,–ú–∞—Ä–∏—É–ø–æ–ª—å,None,–£–∫—Ä–∞–∏–Ω–∞,2
0,162618864.0,321519.0,"–ö—Ç–æ –º–æ–∂–µ—Ç –ø–æ–¥—Å–∫–∞–∑–∞—Ç—å, –µ—Å–ª–∏ —è —Ö–æ—á—É –≤ –¢—É—Ä—Ü–∏—é –Ω–∞ –≤–µ–ª–æ—Å–∏–ø–µ–¥–µ, —Å –£–∫—Ä–∞–∏–Ω—ã, —á—Ç–æ –¥–ª—è —ç—Ç–æ–≥–æ –Ω—É–∂–Ω–æ? –ü–µ—Ä–µ—Å–µ—á—å –Ω–∞–¥–æ –†—É–º—ã–Ω–∏—é –∏ –ë–æ–ª–≥–∞—Ä–∏—é, —á—Ç–æ —Å –≤–∏–∑–æ–π, —Å–∫–æ–ª—å–∫–æ –Ω—É–∂–Ω–æ –¥–µ–Ω–µ–≥ –∏ —á—Ç–æ –∑–∞—Ä–∞–Ω–µ–µ –≥–æ—Ç–æ–≤–∏—Ç—å? –ó–∞—Ä–∞–Ω–µ–µ —Å–ø–∞—Å–∏–±–æ",—Å –£–∫—Ä–∞–∏–Ω—ã,–ö–∏–µ–≤,None,–£–∫—Ä–∞–∏–Ω–∞,2
0,164980352.0,2310740.0,"[id149078925|–í–µ—Ä–æ–Ω–∏–∫–∞], –í–∞–ª–µ–Ω—Ç–∏–Ω–∞ —Å –°–∞–Ω-–º–∞—Ä–∏–Ω–æ, –∫–æ—Ç–æ—Ä–∞—è 4 –∏–ª–∏ –∫–∞–∫–æ–π —Ç–∞–º —Ä–∞–∑ –Ω–∞ –∫–æ–Ω–∫—É—Ä—Å–µ",—Å –°–∞–Ω-–º–∞—Ä–∏–Ω–æ,–ö–∏–µ–≤,None,–£–∫—Ä–∞–∏–Ω–∞,1
0,165669611.0,2210013.0,"[id20589455|–ê—Ä—Å–µ–Ω–∏–π], —Å —Ç–æ–±–æ–π –≤—Å—ë —Ö–æ—Ä–æ—à–æ ? 
–Ø —á–∏—Ç–∞–ª –æ—Ç–∑—ã–≤—ã –ª—é–¥–µ–π —Å –†–æ—Å—Å–∏–∏ –∫–æ—Ç–æ—Ä—ã–µ –±—ã–ª–∏ –ø—Ä–æ—Ç–∏–≤ —ç—Ç–æ–≥–æ . –ê —Ç—ã —Å–µ–π—á–∞—Å –∫–∞–∫ –∫–ª–æ—É–Ω",—Å –†–æ—Å—Å–∏–∏,–ö–∏–µ–≤,20,–£–∫—Ä–∞–∏–Ω–∞,2
0,166683047.0,1966080.0,"[id326593114|–ú–∞—Ä–∏–Ω–∞], –Ω–µ—Ç,—è —Å –£–ö—Ä–∞–∏–Ω—ã,–∞ –æ —Ç–∞–∫–æ–π —Å—Ç—Ä–∞–Ω–µ ,–∫–∞–∫ –£—Å—Ä–∞–∏–Ω–∞ –ø–µ—Ä–≤—ã–π —Ä–∞–∑ —Å–ª—ã—à—É",—Å –£–ö—Ä–∞–∏–Ω—ã,–ö—Ä–∏–≤–æ–π –†–æ–≥,None,–£–∫—Ä–∞–∏–Ω–∞,1
0,16720758.0,1604088.0,"[id54146762|–í–∞–ª–µ—Ä–∏—è], –≤–æ–æ–±—â–µ-—Ç–æ –≥–æ–≤–æ—Ä–∏–ª–∏ –≤–µ–¥—É—â–∏–µ. –ò –º–Ω–µ –ø—Ä–∏—Å–∫–æ—Ä–±–Ω–æ, —á—Ç–æ —Ç—ã –Ω–µ —á–µ—Å—Ç–Ω–∞ —Å –ª—é–¥—å–º–∏. –ù–µ–Ω–∞–≤–∏–¥—è—Ç –º–æ—Ä–∞–ª—å–Ω—ã—Ö —É—Ä–æ–¥–æ–≤, –∫–∞–∫ —Ç–≤–æ—ë –æ–∫—Ä—É–∂–µ–Ω–∏–µ, –∫–æ—Ç–æ—Ä–æ–µ –¥–≤–æ—è–∫–æ —Å–µ–±—è –≤–µ–¥—ë—Ç –ø–æ –æ—Ç–Ω–æ—à–µ–Ω–∏—é —Å –æ–∫—Ä—É–∂–∞—é—â–∏–º–∏. –Ø —Å –£–∫—Ä–∞–∏–Ω—ã –∏ –¥–ª—è –º–µ–Ω—è —Ñ–æ—Ç–∞–ª—å–Ω–æ –Ω–∞—à–µ –ø–æ–ª–æ–∂–µ–Ω–∏–µ –∏ –∞–≥—Ä–µ—Å—Å–∏—è, –∫–æ—Ç–æ—Ä–∞—è –≤—ã–ª–∞–∑–∏—Ç —É–∂–µ –∫–æ—Ç–æ—Ä—ã–π —Ä–∞–∑ –Ω–∞—Ä—É–∂—É. –ù—É–∂–Ω–æ –æ—Å—Ç–∞–≤–∞—Ç—å—Å—è –¥—É—Ö–æ–≤–Ω–æ –±–æ–≥–∞—Ç—ã–º–∏ –∏ –Ω–µ—Å—Ç–∏ —Å–≤–µ—Ç —Å–≤–æ–π –¥—É—à–∏, —á–µ–≥–æ –æ—Ç —Ç–µ–±—è –∏ –ø–æ–¥–∞–≤–Ω–æ –Ω–µ—Ç—É.",—Å –£–∫—Ä–∞–∏–Ω—ã,–û–¥–µ—Å—Å–∞,19,–£–∫—Ä–∞–∏–Ω–∞,2
0,167501184.0,2732964.0,"[id119319947|Svyatoslav], —Ç—ã –≤–µ—Ä–Ω–æ –ø–æ–º–Ω–∏—à—å, —Ç–æ —Å –£–∫—Ä–∞–∏–Ω—ã –±—ã–ª–æ",—Å –£–∫—Ä–∞–∏–Ω—ã,None,None,–£–∫—Ä–∞–∏–Ω–∞,2
0,168055804.0,2378757.0,"–ü–æ–∑–¥—Ä–∞–≤–ª–µ–Ω–∏—è —Å –£–∫—Ä–∞–∏–Ω—ã, –±–æ–ª–µ–ª–∞ –∏–º–µ–Ω–Ω–æ –∑–∞ –Ω–µ–µüíû",—Å –£–∫—Ä–∞–∏–Ω—ã,–î–Ω–µ–ø—Ä–æ–ø–µ—Ç—Ä–æ–≤—Å–∫ (–î–Ω–µ–ø—Ä),None,–£–∫—Ä–∞–∏–Ω–∞,1
0,169576595.0,1932183.0,"[id28969553|–û–ª–µ–≥], –º—ã —Å—Ç–æ–ª–µ—Ç–∏—è–º–∏ —Å —É–∫—Ä–∞–∏–Ω—Ü–∞–º–∏ –±–æ–∫ –æ –±–æ–∫ –∂–∏–≤–µ–º –∏ –¥—Ä—É–∂–∏–º. –Ø —Å –ö—Ä—ã–º–∞ –∏ –Ω–∏ –∑–∞ —á—Ç–æ –Ω–µ –ø—Ä–æ–º–µ–Ω—è–ª –±—ã –£–∫—Ä–∞–∏–Ω—É –Ω–∞ –¢—É—Ä—Ü–∏—é –∏–ª–∏ –µ—â–µ –∫–∞–∫—É—é –Ω–∏–±—É–¥—å –¥—Ä—É–≥—É—é –¥–µ—Ä–∂–∞–≤—É. –ê –∏—Å—Ç–æ—Ä–∏—é —Å–≤–æ–µ–≥–æ –Ω–∞—Ä–æ–¥–∞ –∏ —Ä–æ–¥–∏–Ω—ã –ø—Ä–µ–∫—Ä–∞—Å–Ω–æ –∑–Ω–∞—é",—Å –ö—Ä—ã–º–∞,–ö–∏–µ–≤,None,–£–∫—Ä–∞–∏–Ω–∞,2
0,17148938.0,2364278.0,–ö–æ–º—É –∏–Ω—Ç–µ—Ä–µ—Å–Ω–æ - –∑–∞—Ö–æ–¥–∏–º. –ú–Ω–µ–Ω–∏–µ –Ω–∞—Å—á–µ—Ç –µ–≤—Ä–æ–≤–∏–¥–µ–Ω–∏—è —Å –£–∫—Ä–∞–∏–Ω—ã,—Å –£–∫—Ä–∞–∏–Ω—ã,–ö–∏–µ–≤,21,–£–∫—Ä–∞–∏–Ω–∞,1
0,171661316.0,1725697.0,"–û—á–µ–Ω—å –º–∏–ª—ã–π –ø–∞—Ä–µ–Ω—å —Å –õ–∞—Ç–≤–∏–∏, –∏ –ø–µ—Å–Ω—è —Ö–æ—Ä–æ—à–∞—èüëç",—Å –õ–∞—Ç–≤–∏–∏,None,20,–£–∫—Ä–∞–∏–Ω–∞,1
0,17203837.0,418966.0,"–Ø –≤ —Ö–æ—Å—Ç–µ–ª–µ –≤ –ü–æ–ª—å—à–µ –≤ –¢–∞—Ç—Ä–∞—Ö –±—ã–ª, —Ç–∞–∫ —Ç–∞–º —Ç–∏–ø—ã —Å –ì–µ—Ä–º–∞–Ω–∏–∏, –ò—Ä–ª–∞–Ω–¥–∏–∏, –ê–Ω–≥–ª–∏–∏, —Ä–∞–±–æ—Ç–∞–µ—à 2 –¥–Ω—è –≤ –Ω–µ–¥–µ–ª—é –≤ —ç—Ç–æ–º —Ö–æ—Å—Ç–µ–ª–µ –∏ –≤—Å–µ, –∑–∞–≤—Ç—Ä–∞–∫–∏ –±–µ—Å–ø–ª–∞—Ç–Ω–æ. –¢–∞–º –æ—á–µ–Ω—å –∞—Ç–º–æ—Å—Ñ–µ—Ä–Ω–æ –∏ –ø–æ –¥–æ–º–∞—à–Ω–µ–º—É —É—é—Ç–Ω–æ, –ø–ª—é—Å –≤–∏–¥ –Ω–∞ –≥–æ—Ä—ã)",—Å –ì–µ—Ä–º–∞–Ω–∏–∏,–ö–∏–µ–≤,26,–£–∫—Ä–∞–∏–Ω–∞,2
0,173371630.0,7740912.0,"–ú–Ω–µ –∫–∞–∂–µ—Ç—Å—è, —á—Ç–æ –æ—Ç–º–µ–Ω—è—Ç—å –∏–∑—É—á–µ–Ω–∏–µ —Ä–æ–¥–Ω–æ–≥–æ —è–∑—ã–∫–∞ –Ω–∏ –≤ –∫–æ–µ–º —Å–ª—É—á–∞–µ –Ω–µ–ª—å–∑—è. 
–ú–æ—è –º–∞—Ç—å –ø–µ—Ä–µ–µ—Ö–∞–ª–∞ —Å –†–æ—Å—Å–∏–∏ –≤ –£–∫—Ä–∞–∏–Ω—É –≤ 2 –≥–æ–¥–∞, –±–ª–∞–≥–æ–¥–∞—Ä—è —ç—Ç–æ–º—É –µ–π –º–æ–∂–Ω–æ –±—ã–ª–æ –ø–æ –∂–µ–ª–∞–Ω–∏—é –Ω–µ –∏–∑—É—á–∞—Ç—å —É–∫—Ä–∞–∏–Ω—Å–∫–∏–π —è–∑—ã–∫. –¢–µ–ø–µ—Ä—å –æ–Ω–∞ –æ—á–µ–Ω—å –∂–∞–ª–µ–µ—Ç, —á—Ç–æ –æ—Ç–∫–∞–∑–∞–ª–∞—Å—å.",—Å –†–æ—Å—Å–∏–∏,–•–∞—Ä—å–∫–æ–≤,20,–£–∫—Ä–∞–∏–Ω–∞,1
0,17386683.0,2031468.0,–Ø –≤ —à–æ–∫–µ —Å —É–∫—Ä–∞–∏–Ω—ã!!! –û–Ω–∏ –ø–µ–ª–∏ –Ω–∞ 2004 –µ–≤—Ä–æ–≤–∏–¥–µ–Ω–∏–∏ —Ä–∞–∑–æ–º –Ω–∞—Å –±–∞–≥–∞—Ç–æ –Ω–∞—Å –Ω–µ –ø–æ–¥–æ–ª–∞—Ç—ã –∏ –±–æ–º–∂–µ–π –ø–æ–∫–∞–∑—ã–≤–∞–ª–∏....–º–æ–∏ –≥–ª–∞–∑–∞!!! –ö–∞–∫ —è –º–æ–≥–ª–∞ —Ç–∞–º –∂–∏—Ç—å??!!!,—Å —É–∫—Ä–∞–∏–Ω—ã,–î–æ–Ω–µ—Ü–∫,28,–£–∫—Ä–∞–∏–Ω–∞,1
0,174611975.0,17687190.0,"[id373614958|–ò–ª—å—è], —Å –†–æ—Å—Å–∏–∏,–Ω–æ –ø–µ—Ä–µ–µ—Ö–∞–ª –≤ –∏–Ω—É—é —Å—Ç—Ä–∞–Ω—É,–ø–æ—Ç–æ–º—É —á—Ç–æ –º–æ–π –ø—Ä–µ–∑–∏–¥–µ–Ω—Ç –æ–∫–∞–∑–∞–ª—Å—è –•—É–π–ª–æ.",—Å –†–æ—Å—Å–∏–∏,–Æ–∂–Ω–æ—É–∫—Ä–∞–∏–Ω—Å–∫,76,–£–∫—Ä–∞–∏–Ω–∞,2
0,17522217.0,2025069.0,"–£–∫—Ä–∞–∏–Ω–∞, –ü–û–î–î–ï–†–ñ–ò–¢–ï –∞–≤—Å—Ç—Ä–∞–ª–∏–π—Å–∫—É—é –¥–µ–≤—É—à–∫—É, –µ–π (–∏ –Ω–∞–º;)) ) –Ω—É–∂–Ω–∞ –ø–æ–±–µ–¥–∞! B—Å—ë —Ä–∞–≤–Ω–æ –∑–∞ –î–∂–∞–º–∞–ª—É —Å –£–∫—Ä–∞–∏–Ω—ã –Ω–µ–ª—å–∑—è, –∞ –±–∞–ª–ª—ã –æ—Ç –Ω–∞—Å –º–æ–≥—É—Ç —Å—Ç–∞—Ç—å –†–ï–®–ê–Æ–©–ò–ú–ò, —É –±—É–∫–æ–≤ –±—ã–ª–∞ 2–æ–π...",—Å –£–∫—Ä–∞–∏–Ω—ã,–†–æ–≤–Ω–æ,None,–£–∫—Ä–∞–∏–Ω–∞,2
0,17617003.0,17926428.0,"[id193370162|–ù–∏–∫–∏—Ç–∞], —Ñ–æ—Ç–∫–∞ —Å –£–∫—Ä–∞–∏–Ω—ã ?",—Å –£–∫—Ä–∞–∏–Ω—ã,–ö—Ä–∏–≤–æ–π –†–æ–≥,None,–£–∫—Ä–∞–∏–Ω–∞,2
0,177547045.0,2258320.0,–Ω—É –∫–æ–≥–¥–∞ —É–∂–µ –±—É–¥–µ—Ç —Ä–µ–ø–µ—Ç–∏—Ü–∏—è —É—á–∞—Å—Ç–Ω–∏–∫–æ–≤ —Å –£–∫—Ä–∞–∏–Ω—ã,—Å –£–∫—Ä–∞–∏–Ω—ã,–•–µ—Ä—Å–æ–Ω,None,–£–∫—Ä–∞–∏–Ω–∞,2
0,177685419.0,1923052.0,–∞ —Å —Ä–æ—Å—Å–∏–∏ –∑–∞ —É–∫—Ä–∞–∏–Ω—É –º–æ–∂–Ω–æ –≥–æ–ª–æ—Å–æ–≤–∞—Ç—å?,—Å —Ä–æ—Å—Å–∏–∏,–î–∂–∞–Ω–∫–æ–π,None,–£–∫—Ä–∞–∏–Ω–∞,2
0,178194695.0,1554806.0,–û–Ω–∞ —Å–æ—à–ª–∞ —Å –í–µ–Ω–≥—Ä–∏–∏? –∏–ª–∏ —Å —É–º–∞? –ò–ó –í–µ–Ω–≥—Ä–∏–∏ !!!,—Å –í–µ–Ω–≥—Ä–∏–∏,–°–∏–º—Ñ–µ—Ä–æ–ø–æ–ª—å,None,–£–∫—Ä–∞–∏–Ω–∞,2
0,18084015.0,2034445.0,"–í—Å–µ–º –¥–æ–±—Ä–æ–π –Ω–æ—á–∏! –Ø —Å–∞–º–∞ —Å –£–∫—Ä–∞–∏–Ω—ã, –°–µ—Ä–≥–µ—è –õ–∞–∑–∞—Ä–µ–≤–∞ –æ–±–æ–∂–∞—é —Å–æ –≤—Ä–µ–º–µ–Ω Smash. –£–º–Ω–∏—á–∫–∞!!!–ü–æ–¥–∞—á–∞,–≥–æ–ª–æ—Å,—Ç–µ—Ö–Ω–æ–ª–æ–≥–∏–∏ ...–í—Å—ë –≤—Å—ë –Ω–∞ –≤—ã—Å—à–µ–º —É—Ä–æ–≤–Ω–µ!!!!–î–µ—Ä–∂–∏—Ç–µ —Å–º—Å-–æ—á–∫—É!!!",—Å –£–∫—Ä–∞–∏–Ω—ã,–ê–∫–∏–º–æ–≤–∫–∞,27,–£–∫—Ä–∞–∏–Ω–∞,1
0,18362691.0,2223125.0,–†–µ–∞–∫—Ü–∏—è –Ω–∞ –Æ–ª–∏—é –°–∞–º–æ–π–ª–æ–≤—É —Å –£–ö–†–ê–ò–ù–´ üá∫üá¶üôÑ,—Å –£–ö–†–ê–ò–ù–´,–ö–∏–µ–≤,None,–£–∫—Ä–∞–∏–Ω–∞,2
0,186509425.0,1691133.0,"[id164662011|–ò—Ä–∏–Ω–∞], –î–∞, —Ç—É—Ç —è —Ç–æ–∂–µ —Å–æ–≥–ª–∞—Å–µ–Ω –Ω–∞ —Å—á–µ—Ç –†—É—Å–ª–∞–Ω—ã, –Ω–µ –ø–æ–π–º—É –∑–∞ —á—Ç–æ —Ç–∞–º –ø–µ—Ä–≤–æ–µ –º–µ—Å—Ç–æ –¥–∞–ª–∏... –Ø —Å –£–∫—Ä–∞–∏–Ω—ã, —á—Ç–æ –Ω–µ —Ç–∞–∫ —Å —Å–ª–æ–≤–æ–º –≤–æ–π–¥–µ–º?",—Å –£–∫—Ä–∞–∏–Ω—ã,–í–∏–Ω–Ω–∏—Ü–∞,None,–£–∫—Ä–∞–∏–Ω–∞,2
0,188053847.0,2075972.0,"—è —Å –£–∫—Ä–∞–∏–Ω—ã –∏ —Å–∞–º–∞ –≤ —à–æ–∫–µ, —á–µ—Å—Ç–Ω–æ. –ñ–¥–µ–º –†–æ—Å—Å–∏—é –≤ —Å–ª–µ–¥—É—é—â–µ–º –≥–æ–¥—É –≤ –ö–∏–µ–≤–µ, –ø—Ä–∏–µ–∂–∞–π—Ç–µ, –Ω–µ –∫—É—Å–∞–µ–º—Å—è, –∂–∏–≤—É –≤–æ–∑–ª–µ –∂–¥ –≤–æ–∫–∑–∞–ª–∞, —Å —Ö–ª–µ–±–æ–º –∏ —Å–æ–ª—å—é –≤—Å—Ç—Ä–µ—á–∞—Ç—å –±—É–¥—É üòò",—Å –£–∫—Ä–∞–∏–Ω—ã,–ö–∏–µ–≤,None,–£–∫—Ä–∞–∏–Ω–∞,1
0,191717405.0,7640427.0,"–ß—É—Ä –º–µ–Ω—è! –ß—É—Ä! –ö–∞–∫ —Ö–æ—Ä–æ—à–æ, —á—Ç–æ —è –Ω–µ —Å –†–æ—Å—Å–∏–∏)",—Å –†–æ—Å—Å–∏–∏,–û–¥–µ—Å—Å–∞,None,–£–∫—Ä–∞–∏–Ω–∞,1
0,192537619.0,1982680.0,"–•–æ—Ç—å –∏ —Å –£–∫—Ä–∞–∏–Ω—ã,–Ω–æ –ø–æ–Ω—Ä–∞–≤–∏–ª–∞—Å—å –†–æ—Å—Å–∏—è –∏ –§—Ä–∞–Ω—Ü–∏—èüíù",—Å –£–∫—Ä–∞–∏–Ω—ã,–°–µ–ª–∏–¥–æ–≤–æ,None,–£–∫—Ä–∞–∏–Ω–∞,1
0,193290694.0,2493996.0,"[id340161455|–ï–≤–≥–µ–Ω–∏–π], —è —Å –£–∫—Ä–∞–∏–Ω—ã)",—Å –£–∫—Ä–∞–∏–Ω—ã,–õ—å–≤–æ–≤,None,–£–∫—Ä–∞–∏–Ω–∞,2
0,193485190.0,344622.0,"[id4637134|–ê–Ω—é—Ç–µ—Ä—Ä—Ä—Ä—Ä—Ä—Ä], —Å–º–æ—Ç—Ä—è –∫–∞–∫ –≤ –∫—Ä—ã–º –ø–æ–ø–∞–ª. –µ—Å–ª–∏ —á–∫—Ä–∫–∑ –ø–∞—Ä–æ–º —Ç–æ –Ω–µ—Ç, –µ—Å–ª–∏ —á–µ—Ä–µ–∑ –∫–ø–ø —Å —É–∫—Ä–∞–∏–Ω—ã —Ç–æ –ø—É—Å—Ç—è—Ç",—Å —É–∫—Ä–∞–∏–Ω—ã,–ö–∏–µ–≤,31,–£–∫—Ä–∞–∏–Ω–∞,2
0,194220275.0,1967600.0,"[id170186197|–í–∏–∫—Ç–æ—Ä–∏—è], —ç—Ç–∞ –≥—Ä—É–ø–ø–∞ –≤–æ–æ–±—â–µ-—Ç–æ –æ–±—â–∞—è –∏ –≤ —ç—Ç–æ–π –≥—Ä—É–ø–ø–µ –µ—Å—Ç—å –∞–¥–º–∏–Ω —Å –†–æ—Å—Å–∏–∏ –£–∫—Ä–∞–∏–Ω–∏ –∏ –ë–µ–ª–æ—Ä—É—Å—Å–∏–∏",—Å –†–æ—Å—Å–∏–∏,–ö–∞–º–µ–Ω—Å–∫–æ–µ / –î–Ω–µ–ø—Ä–æ–¥–∑–µ—Ä–∂–∏–Ω—Å–∫,17,–£–∫—Ä–∞–∏–Ω–∞,2
0,194934378.0,2804880.0,"""–ë–∞–±—É—à–∫—É"" –ø–æ–∫–∞–∑—ã–≤–∞–ª–∏ –≤ –∞–≤—Ç–æ–±—É—Å–µ, –∫–æ–≥–¥–∞ —è –µ—Ö–∞–ª–∞ —Å –ö–∏–µ–≤–∞ –≤ –•–∞—Ä—å–∫–æ–≤. –ö—Ä–∞–µ–º —É—Ö–∞ –ø—Ä–∏—Ö–æ–¥–∏–ª–æ—Å—å —Å–ª—ã—à–∞—Ç—å —ç—Ç—É —Å—Ä–∞–Ω—å. –Ø —Ç–æ–≥–¥–∞ –µ—â–µ —É–¥–∏–≤–∏–ª–∞—Å—å, –ø–æ—á–µ–º—É —ç—Ç–æ –º–µ–Ω—è —Ç–æ—à–Ω–∏—Ç –≤ –¥–æ—Ä–æ–≥–µ? –ù–∏–∫–æ–≥–¥–∞ –∂ –Ω–µ —É–∫–∞—á–∏–≤–∞–ª–æ...
–õ–∏—à—å –ø–æ—Å–º–æ—Ç—Ä–µ–≤ –æ–±–∑–æ—Ä, —è –ø–æ–Ω—è–ª–∞, —á—Ç–æ –¥–µ–ª–æ –±—ã–ª–æ –Ω–µ –≤ –∫–∞—á–∫–µ, –∞ –≤ —ç—Ç–æ–º, —Ç–∞–∫ —Å–∫–∞–∑–∞—Ç—å, —Ñ–∏–ª—å–º–µ. –ï–≥–æ —Ä–µ–∞–ª—å–Ω–æ –Ω–µ–≤–æ–∑–º–æ–∂–Ω–æ –ø–æ—Å–º–æ—Ç—Ä–µ—Ç—å, –±–µ–∑ –ø–æ–∑—ã–≤–æ–≤ —Ä–≤–æ—Ç—ã.",—Å –ö–∏–µ–≤–∞,–•–∞—Ä—å–∫–æ–≤,23,–£–∫—Ä–∞–∏–Ω–∞,1
0,200400913.0,2805641.0,"[id8586849|–û–ª–µ–≥], —Ç–æ –±—ã–ª –Ω–µ–º–Ω–æ–≥–æ –¥—Ä—É–≥–æ–π —Å–ª—É—á–∞–π –∏ –ø—Ä–æ—Ç–µ—Å—Ç–Ω–∞—è –≥—Ä—É–ø–ø–∞ –Ω–µ –æ—Ç–Ω–æ—Å–∏–ª–∞—Å—å –∫ —Å–æ–∑–Ω–∞—Ç–µ–ª—å–Ω–æ–º—É –æ–±—â–µ—Å—Ç–≤—É(–æ–π, –æ—Å–∫–æ—Ä–±–∏–ª —á—É–≤—Å—Ç–≤–∞ –≤–µ—Ä—É—é—â–∏—Ö... –ê—Ö –¥–∞, —è —Å –£–∫—Ä–∞–∏–Ω—ã - –º–Ω–µ –º–æ–∂–Ω–æ)",—Å –£–∫—Ä–∞–∏–Ω—ã,–ö–∏–µ–≤,18,–£–∫—Ä–∞–∏–Ω–∞,2
0,20355144.0,1816652.0,"[id143950207|–ê–ª–µ–∫—Å–µ–π], –∞–≥–∞, —Ç—ã –≤—Å–ø–æ–º–Ω–∏ –≥—Ä—É–ø–ø—É –ø–æ—é—â–∏–µ —Ç—Ä—É—Å—ã, –∏ –ü–æ–ª—è–∫–æ–≤—É,  –∏ –Ω–µ –∑–∞–±—ã–≤–∞–π —á—Ç–æ –æ–Ω–∏ —Å –£–∫—Ä–∞–∏–Ω—ã.

–ê –≥–Ω–∞—Ç—å –Ω–∞ –ª–µ–≥–µ–Ω–¥–∞—Ä–Ω—É—é –≥—Ä—É–ø–ø—É –õ–µ–Ω–∏–Ω–≥—Ä–∞–¥
–≠—Ç–æ –¥–µ–±–∏–ª–æ–º –±—ã—Ç—å –Ω–∞–¥–æ",—Å –£–∫—Ä–∞–∏–Ω—ã,–•–∞—Ä—å–∫–æ–≤,None,–£–∫—Ä–∞–∏–Ω–∞,2
0,205790695.0,1862149.0,"–•–æ—Ç—å —è —Å –£–∫—Ä–∞–∏–Ω—ã, –Ω–æ –ø–æ–∫–∞ –≤—ã—Å—Ç—É–ø–ª–µ–Ω–∏–µ  –õ–∞–∑–∞—Ä–µ–≤–∞ –±–æ—à—å—à–µ –≤—Å–µ—Ö –ø–æ–Ω—Ä–∞–≤–∏–ª–æ—Å—å...",—Å –£–∫—Ä–∞–∏–Ω—ã,None,None,–£–∫—Ä–∞–∏–Ω–∞,1
0,20757991.0,2802782.0,"[id367225625|–°–µ—Ä–≥–µ–π], –Ω—É –µ—Å–ª–∏ –∫–æ—Ä–æ—Ç–∫–æ, —Ç–æ —Ç—ã –Ω–µ –Ω–∞–ø—Ä—è–º—É—é –ø–æ–¥–∫–ª—é—á–∞–µ—à—å—Å—è –∫ —Å–µ—Ä–≤–µ—Ä—É —é—Ç—É–±–∞, –∞ —á–µ—Ä–µ–∑ —É–∑–µ–ª, –∫–æ—Ç–æ—Ä—ã–π –Ω–∞—Ö–æ–¥–∏—Ç—Å—è –∫–∞–∫ –ø—Ä–∞–≤–∏–ª–æ –≤ –¥—Ä—É–≥–æ–π —Å—Ç—Ä–∞–Ω–µ(–Ω—É –∏–ª–∏ –Ω–µ—Å–∫–æ–ª—å–Ω–æ, –Ω–æ –æ–±—ã—á–Ω–æ –æ–¥–∏–Ω) –∏ —é—Ç—É–± –¥—É–º–∞–µ—Ç, —á—Ç–æ —Ç—ã –Ω–µ —Å –£–∫—Ä–∞–∏–Ω—ã —Å–º–æ—Ç—Ä–∏—à—å, –∞ —Å –¥—Ä—É–≥–æ–π —Å—Ç—Ä–∞–Ω—ã. –ò –¥–µ–Ω–µ–≥ –∑–∞ —Ä–µ–∫–ª–∞–º—É, –∫–æ—Ç–æ—Ä—É—é –ø–æ–ª—å–∑–æ–≤–∞—Ç–µ–ª—é –ø–æ–∫–∞–∑—ã–≤–∞–µ—Ç –ø–ª–∞—Ç–∏—Ç –∫–∞–∫ –∑–∞ —Ä–µ–∫–ª–∞–º—É –ø–æ—Å–º–æ—Ç—Ä–µ–Ω–Ω—É—é –∏–∑ —ç—Ç–æ–π —Å—Ç—Ä–∞–Ω—ã",—Å –£–∫—Ä–∞–∏–Ω—ã,–ö–∏–µ–≤,None,–£–∫—Ä–∞–∏–Ω–∞,1
0,208250584.0,17448479.0,"–°—Ä–∞–∑—É –≤—Å–ø–æ–º–Ω–∏–ª –∏—Å—Ç–æ—Ä–∏—é –ø—Ä–æ –ø–æ–ª–∏—Ü–µ–π—Å–∫–æ–≥–æ —Å –ë–µ–ª–æ—Ä—É—Å–∏, –∫–æ—Ç–æ—Ä—ã–π –ø–Ω—É–ª –∫–æ—Ç—ë–Ω–∫–∞ –∏ –∑–∞ —ç—Ç–æ –Ω–∞ –Ω–µ–≥–æ –æ—Ç–∫—Ä—ã–ª–∏ –∫—Ä–∏–º–∏–Ω–∞–ª—å–Ω–æ–µ –¥–µ–ª–æ",—Å –ë–µ–ª–æ—Ä—É—Å–∏,–¢–µ—Ä–Ω–æ–≤–∫–∞,15,–£–∫—Ä–∞–∏–Ω–∞,2
0,208589816.0,1614462.0,"[id58503353|–ê—Ä—Ç–µ–º], —è –ø—Ä–æ—Å—Ç–æ —Å –£–∫—Ä–∞–∏–Ω—ã(—Å —Ä–µ–≥–∏–æ–Ω–∞, –≥–¥–µ —Ä–∞–∑–≥–æ–≤–∞—Ä–∏–≤–∞—é—Ç —Ç–æ–ª—å–∫–æ –Ω–∞ —É–∫—Ä–∞–∏–Ω—Å–∫–æ–º), –Ω–æ —Å–≤–æ–±–æ–¥–Ω–æ —Ä–∞–∑–≥–æ–≤–∞—Ä–∏–≤–∞—é –∏ –ø–∏—à—É –Ω–∞ —Ä—É—Å—Å–∫–æ–º))–í–∫ –≤ –ø–æ–º–æ—â—å..–Ω–∏–∫–æ–≥–¥–∞ —Ä—É—Å—Å–∫–∏–π, –∫–∞–∫ –ø–æ–ª–Ω–æ—Ü–µ–Ω–Ω—ã–π —è–∑—ã–∫ –Ω–µ –∏–∑—É—á–∞–ª–∞, –Ω–æ –≤ —Å–≤–æ–∏ 16 —Ä–∞–±–æ—Ç–∞—é —Ä–µ–¥–∞–∫—Ç–æ—Ä–æ–º –∫–Ω–∏–≥ –Ω–∞ —Ä—É—Å—Å–∫–æ–º –∞—Ö–∞—Ö",—Å –£–∫—Ä–∞–∏–Ω—ã,–ö—Ä–æ–ø–∏–≤–Ω–∏—Ü–∫–∏–π / –ö–∏—Ä–æ–≤–æ–≥—Ä–∞–¥,17,–£–∫—Ä–∞–∏–Ω–∞,1
0,208750131.0,361565.0,"–ö–∞–∫ –∂–µ –∑–¥–æ—Ä–æ–≤–æ!
–í—Å—ë –º–µ—á—Ç–∞—é –ø–æ–±—ã–≤–∞—Ç—å –≤ —ç—Ç–æ–π —Å—Ç—Ä–∞–Ω–µ, —Ç–æ–ª—å–∫–æ –æ–¥–æ–π —Å –£–∫—Ä–∞–∏–Ω—ã —Å—Ç—Ä–∞—à–Ω–æ –µ—Ö–∞—Ç—å",—Å –£–∫—Ä–∞–∏–Ω—ã,–û–¥–µ—Å—Å–∞,20,–£–∫—Ä–∞–∏–Ω–∞,1
0,212950393.0,17990980.0,"[id339171251|–ê—Ä—Ç—ë–º], –º–Ω–µ –º–æ–∂–Ω–æ,—è —Å –£–∫—Ä–∞–∏–Ω—ã",—Å –£–∫—Ä–∞–∏–Ω—ã,–•–µ—Ä—Å–æ–Ω,None,–£–∫—Ä–∞–∏–Ω–∞,2
0,215846138.0,2272195.0,"[id124565150|–ê–ª–µ–∫—Å–∞–Ω–¥—Ä], –µ—Å–ª–∏ –≤—ã —Å –£–∫—Ä–∞–∏–Ω—ã, —Ç–æ –ø–æ –ü–µ—Ä–≤–æ–º—É –ù–∞—Ü–∏–æ–Ω–∞–ª—å–Ω–æ–º—É)",—Å –£–∫—Ä–∞–∏–Ω—ã,–ö–∏–µ–≤,26,–£–∫—Ä–∞–∏–Ω–∞,1
0,218753822.0,2080570.0,"[id92325973|–Æ–ª–∏—è], —è –Ω–µ –ø—Ä–æ –≤–∞—Å –≥–æ–≤–æ—Ä—é!!!–∞ –ø—Ä–æ –ª—é–¥–µ–π —Å –õ—é–∫—Å–µ–º–±—É—Ä–≥–∞.",—Å –õ—é–∫—Å–µ–º–±—É—Ä–≥–∞,–•–∞—Ä—å–∫–æ–≤,18,–£–∫—Ä–∞–∏–Ω–∞,2
0,219045731.0,17292270.0,"[id289546025|–ù–∏–∫–∏—Ç–∞], –º–Ωe –ø–æ—Ö—É–π —è —Å –£–∫—Ä–∞–∏–Ω—ã –µ–±–ª–æ,—Å–æ–≥–ª–∞—Å–µ–Ω   –æ–Ω –¥–æ—Ö—É—è —Å–¥–µ–ª–∞–ª –≤ –°–°–°–† –Ω–æ —ç—Ç–æ —á–µ–ª–æ–≤–µ–∫ –∫–æ—Ç–æ—Ä–æ–º—É –±—ã–ª–æ –ø–æ—Ö—É–π –Ω–∞ –ª—é–¥–µ–π, –æ–Ω —É–±–∏–≤–∞–ª –≤—Å–µ—Ö –ø–æ–¥—Ä—è–¥ ,—Ö–æ—Ç—è —É –≤–∞—Å —Ç–∞–º –∂–µ –ø—Ä–æ–ø–∞–≥–∞–Ω–¥–∞ –∑–∞–±–µ–π –Ω–µ –ø–æ–π–º–µ—à—å",—Å –£–∫—Ä–∞–∏–Ω—ã,–ñ–∏—Ç–æ–º–∏—Ä,17,–£–∫—Ä–∞–∏–Ω–∞,2
0,221836036.0,1830575.0,"[id10711864|–ú–∏—Ä–æ—Å–ª–∞–≤], –ü—Ä–æ—á–∏—Ç–∞–ª –±–æ–ª—å–Ω–æ–π –±—Ä–µ–¥ –∫–æ—Ç–æ—Ä—ã–π —Ç—ã –Ω–∞–ø–∏—Å–∞–ª –∏ –ø–æ–¥—É–º–∞–ª, —á—Ç–æ –∑–∞ –¥–∞—É–Ω –º–æ–≥ —Ç–∞–∫–æ–µ –≤—ã–¥–∞—Ç—å, –∑–∞—à—ë–ª –≤ —Ç–≤–æ–π –ø—Ä–æ—Ñ–∏–ª—å –∏ —É–≤–∏–¥–µ–ª, —á—Ç–æ —Ç—ã —Å –£–∫—Ä–∞–∏–Ω—ã. –í–æ–ø—Ä–æ—Å–æ–≤ –±–æ–ª—å—à–µ –Ω–µ—Ç!üòÜ",—Å –£–∫—Ä–∞–∏–Ω—ã,–û–¥–µ—Å—Å–∞,23,–£–∫—Ä–∞–∏–Ω–∞,2
0,22514537.0,1518467.0,"–†–æ—Å—Å–∏—è –ø—Ä—ã–≥–Ω—É–ª–∞ —É –±—É–∫–º–µ–∫–µ—Ä–æ–≤ —Å —à–µ—Å—Ç–æ–≥–æ –º–µ—Å—Ç–∞ –Ω–∞ –≤—Ç–æ—Ä–æ–µ. –ß—Ç–æ –∫–∞–∫, –±—ã –Ω–∞–º–µ–∫–∞–µ—Ç, –∫—Ç–æ –≤—ã–∏–≥—Ä–∞–ª –ø–æ –≥–æ–ª–æ—Å–∞–º –ø–æ–ª—É—Ñ–∏–Ω–∞–ª. –ü–æ–∑–¥—Ä–∞–≤–ª–µ–Ω–∏–µ —Ä–æ—Å—Å–∏—è–Ω–∞–º —Å –£–∫—Ä–∞–∏–Ω—ã. –ü–æ–ª–∏–Ω–∞ —Å—É–ø–µ—Ä!!!",—Å –£–∫—Ä–∞–∏–Ω—ã,–ö–∏–µ–≤,26,–£–∫—Ä–∞–∏–Ω–∞,2
0,225918177.0,2334197.0,"–°–ª–∞–≤–∫–æ —Å –ß–µ—Ä–Ω–æ–≥–æ—Ä–∏–∏,–≥–¥–µ-—Ç–æ —Å–∏–¥–∏—Ç –≤ –ø–∞–±–µ –∏ –ø–æ–ø–∏–≤–∞–µ—Ç –ø–∏–≤–∫–æ.–≠—Ö —Ç–∞–∫–æ–≥–æ —É—á–∞—Å—Ç–Ω–∏–∫–∞ —Å–ª–∏–ª–∏(",—Å –ß–µ—Ä–Ω–æ–≥–æ—Ä–∏–∏,–î—É–±—Ä–æ–≤–∏—Ü–∞,20,–£–∫—Ä–∞–∏–Ω–∞,2
0,227547049.0,2343826.0,"[id102047486|–î–∞–Ω–∏–ª], –∑–∞—á–µ–º —Ç–µ–±–µ –æ–Ω —Å –ë–æ–ª–≥–∞—Ä–∏–∏, —Ç–æ —á—Ç–æ –æ–Ω –Ω–∞—Ä–æ–¥–∏–ª—Å—è –≤ –†–æ—Å—Å–∏–µ –Ω–∏—á–µ–≥–æ –≤–∞–º –Ω–µ –¥–∞—Å—Ç –ª–æ–ª:)",—Å –ë–æ–ª–≥–∞—Ä–∏–∏,–¢–µ—Ä–Ω–æ–ø–æ–ª—å,None,–£–∫—Ä–∞–∏–Ω–∞,2
0,229413955.0,1899915.0,"–ö–æ–Ω–µ—á–Ω–æ –∂–µ –±–æ–ª–µ—é –∑–∞ –£–∫—Ä–∞–∏–Ω—É, –Ω–æ –ù–æ—Ä–≤–µ–≥–∏—è –ø—Ä–µ–¥—Å—Ç–∞–≤–∏–ª–∞ –¥–æ—Å—Ç–æ–π–Ω–æ–≥–æ —É—á–∞—Å—Ç–Ω–∏–∫–∞ (–∏ –ø–∞—Ä–µ–Ω—å —Å –ò–∑—Ä–∞–∏–ª—è –Ω–µ –ø–ª–æ—Ö)",—Å –ò–∑—Ä–∞–∏–ª—è,–ù–æ—Å–æ–≤–∫–∞,None,–£–∫—Ä–∞–∏–Ω–∞,2
0,230911645.0,2025529.0,–ù–∞ –∫–∞–∫–æ–π –Ω–æ–º–µ—Ä —Å —Ä–æ—Å—Å–∏–∏ –æ—Ç–ø—Ä–∞–≤–ª—è—Ç—å ???,—Å —Ä–æ—Å—Å–∏–∏,None,None,–£–∫—Ä–∞–∏–Ω–∞,2
0,231486494.0,2372821.0,"–í—Ä–æ–¥–µ –≥–æ–ª–æ—Å —Å–∏–ª—å–Ω—ã–π. –Ø —Å –£–∫—Ä–∞–∏–Ω—ã,–Ω–æ –∂–µ–ª–∞—é –µ–π —É–¥–∞—á–∏. –ü—Ä–∞–≤–¥–∞ –∑–∞—á–µ–º —Ç—É—Ç –∞–Ω–≥–ª–∏–π—Å–∫–∏–π?!",—Å –£–∫—Ä–∞–∏–Ω—ã,–û–¥–µ—Å—Å–∞,None,–£–∫—Ä–∞–∏–Ω–∞,1
0,234359855.0,1585382.0,"[id101281008|–ê–ª–∏–Ω–∞], —Ç–æ–∂–µ —Å –£–∫—Ä–∞–∏–Ω—ã?",—Å –£–∫—Ä–∞–∏–Ω—ã,–í–æ–ª—è-–í—ã—Å–æ—Ü–∫–∞—è,16,–£–∫—Ä–∞–∏–Ω–∞,1
0,23436279.0,2043170.0,"–£ –£–∫—Ä–∞–∏–Ω—ã –¥–µ–Ω–µ–≥ –Ω–µ—Ç –Ω–∞ –ø—Ä–æ–≤–µ–¥–µ–Ω–∏–µ –≤ —Å–ª–µ–¥—É—é—â–µ–º –≥–æ–¥—É. –Ω–∏—â–µ–±—Ä–æ–¥—ã. –ê –¥–∂–∞–º–∞–ª–∞ –≤–æ–æ–±—â–µ —É—Ä–æ–¥. 

–ö—Å—Ç–∞—Ç–∏, —è —Å –£–∫—Ä–∞–∏–Ω—ã –µ—Å–ª–∏ —á—ë.",—Å –£–∫—Ä–∞–∏–Ω—ã,–•–∞—Ä—å–∫–æ–≤,None,–£–∫—Ä–∞–∏–Ω–∞,1
0,236941743.0,2278229.0,"[id139270002|–ê–ª—å–±–∏–Ω–∞], —Å –ß–µ—Ä–Ω–æ–≥–æ—Ä–∏–∏",—Å –ß–µ—Ä–Ω–æ–≥–æ—Ä–∏–∏,–ö–∏–µ–≤,None,–£–∫—Ä–∞–∏–Ω–∞,1
0,238105977.0,1940343.0,"–Ø —Ö–æ—Ç—å —Å –£–∫—Ä–∞–∏–Ω—ã, –Ω–æ –≤—ã—Å—Ç—É–ø–ª–µ–Ω–∏–µ –î–∂–∞–º–∞–ª—ã –Ω–∏ –≥—Ä–∞–º–º–∞ –Ω–µ –ø–æ–Ω—Ä–∞–≤–∏–ª–æ—Å—å. –ß—Ç–æ —Ç–∞–º –≤–æ–æ–±—â–µ –±—ã–ª–æ –∫—Ä–∞—Å–∏–≤–æ–≥–æ, –∑–∞–≤–æ—Ä–∞–∂–∏–≤–∞—é—â–µ–≥–æ –∏ –∑–∞–ø–æ–º–∏–Ω–∞—é—â–µ–≥–æ—Å—è??",—Å –£–∫—Ä–∞–∏–Ω—ã,–û–¥–µ—Å—Å–∞,24,–£–∫—Ä–∞–∏–Ω–∞,1
0,238252218.0,2033989.0,"[id2560245|–ò–ª—å–¥–∞—Ä], –£–∫—Ä–∞–∏–Ω–∞ –µ—Å–ª–∏ –±—É–¥–µ—Ç –≤ 5 –∏ —Ç–æ —Ö–æ—Ä–æ—à–æ) —Ä–µ–∞–ª—å–Ω–æ —É –Ω–µ–µ –ø–µ—Å–Ω—è –∏ –≤—ã—Å—Ç—É–ø–ª–µ–Ω–∏–µ –Ω–∏ –æ —á–µ–º. —è —Ç–æ–∂–µ —Å —É–∫—Ä–∞–∏–Ω—ã, –Ω–æ –∑–∞ –¥–∂–∞–º–∞–ª—É –Ω–µ –±–æ–ª–µ—é.",—Å —É–∫—Ä–∞–∏–Ω—ã,–ö–∏–µ–≤,None,–£–∫—Ä–∞–∏–Ω–∞,1
0,239514078.0,2033565.0,–ü—Ä–∏ –ø–æ–ø—ã—Ç–∫–µ –æ—Ç–ø—Ä–∞–≤–∏—Ç—å –∑–∞ –†–æ—Å—Å–∏—é —Å –£–∫—Ä–∞–∏–Ω—ã –∏–∑ 5 –≥–æ–ª–æ—Å–æ–≤ –∑–∞—â–∏—Ç–∞–Ω–æ —Ç–æ–ª—å–∫–æ 2....—á–µ –∑–∞ —Ö–µ—Ä–Ω—è?,—Å –£–∫—Ä–∞–∏–Ω—ã,–•–∞—Ä—å–∫–æ–≤,None,–£–∫—Ä–∞–∏–Ω–∞,1
0,244478840.0,7703361.0,"—Ç–æ —á—Ç–æ –ø–∞—É–∫–∏ —Å–∂–∏—Ä–∞—é—Ç –¥—Ä—É–≥ –¥—Ä—É–≥–∞ –≤ –±–∞–Ω–∫–µ —ç—Ç–æ –∫–æ–Ω–µ—á–Ω–æ —Ö–æ—Ä–æ—à–æ –Ω–æ —É –º–µ–Ω—è –µ—Å—Ç—å –≤–æ–ø—Ä–æ—Å –∫–∞–∫ –æ–Ω —Å–±–µ–∂–∞–ª –≤ –†–æ—Å—Å–∏—é –µ—Å–ª–∏ –ø–æ –µ–≥–æ –¥—É—à—É –ø—Ä–∏–µ—Ö–∞–ª–∏ ""–∑–µ–ª—ë–Ω—ã–µ —á–µ–ª–æ–≤–µ—á–∫–∏"" —Å –†–æ—Å—Å–∏–∏ –≤–º–µ—Å—Ç–µ —Å –î–ù–†",—Å –†–æ—Å—Å–∏–∏,–ö–∏–µ–≤,None,–£–∫—Ä–∞–∏–Ω–∞,2
0,24634439.0,1897832.0,"[id48539826|–ò–ª—å—è], —è –Ω–µ –∏–º–µ—é –∏–º–µ–Ω–Ω–æ —Ç–µ–±—è. –¢–∞–∫–∏–µ ""–¥–æ–±—Ä—ã–µ"" –º–æ–≥—É—Ç –±—ã—Ç—å –∏ —Å –£–∫—Ä–∞–∏–Ω—ã,  –∏ —Å –†–æ—Å—Å–∏–∏. –ù–æ –µ—â—ë –µ—Å—Ç—å –æ–±—ä–µ–∫—Ç–∏–≤–Ω–∞—è –∫—Ä–∏—Ç–∏–∫–∞, –∏ –ø—Ä–æ–≤–æ–∫–∞—Ü–∏—è. –Ø –≤–∏–∂—É –∫—É—á—É –Ω–µ–ø—Ä–∏—è—Ç–Ω–æ–≥–æ —Å–æ —Å—Ç–æ—Ä–æ–Ω—ã –†–æ—Å—Å–∏–∏ –ø–æ –æ—Ç–Ω–æ—à–µ–Ω–∏—é –∫ –Ω–∞–º. –í–∞–º –Ω–µ –ø–æ–Ω—è—Ç—å –æ —á–µ–º —è. –ü–æ—Å–ª—É—à–∞–ª–∞ —á–∞—Å—Ç—å –∫–∞–∫–æ–π-—Ç–æ –ø–µ—Ä–µ–¥–∞—á–∏ - –î–∂–∞–º–∞–ª—É —Ç—É–ø–æ –ø–æ–ª–∏–≤–∞–ª–∏ –≥—Ä—è–∑—å—é, –¥–∞ –∏ –£–∫—Ä–∞–∏–Ω—É –Ω–∞ –ï–≤—Ä–æ, –£–∫—Ä–∞–∏–Ω—É –≤–æ–æ–±—â–µ. –í–∞–º –æ—Ç —ç—Ç–æ–≥–æ –ª–µ–≥—á–µ?",—Å –£–∫—Ä–∞–∏–Ω—ã,–ò—Ä–ø–µ–Ω—å,None,–£–∫—Ä–∞–∏–Ω–∞,1
0,246433964.0,1999039.0,"–∫—É—á–µ—Ä—è–≤—ã–π —Å –ü–æ–ª—å—à–∏,–∞–∞—Ö–∞—Ö–∞",—Å –ü–æ–ª—å—à–∏,–•–∞—Ä—å–∫–æ–≤,None,–£–∫—Ä–∞–∏–Ω–∞,1
0,247606314.0,18279599.0,"[id300825006|Alex], –µ—Å—Ç—å –∂–µ –Ω–æ—Ä–º–∞–ª—å–Ω—ã–µ –ª—é–¥–∏ —Å –†–æ—Å—Å–∏–∏ –Ω–æ –µ—Å—Ç—å —Ç–∞–∫–∏–µ —É–ø—ã—Ä–∏ –∫–∞–∫ —Ç—ã, –∫–æ—Ç–æ—Ä—ã–µ —á—Ç–æ —Ç–æ –ø–∏–∑–¥—è—Ç –ø—Ä–æ –•–æ—Ö–ª–æ–≤, –∞ —Ç—ã –æ–±–æ—Å–Ω—É–π –∑–Ω–∞—á–µ–Ω–∏–µ —ç—Ç–æ–≥–æ —Å–ª–æ–≤–∞ –±–∞—Ä–∞–Ω",—Å –†–æ—Å—Å–∏–∏,–ö–∏–µ–≤,19,–£–∫—Ä–∞–∏–Ω–∞,2
0,248458569.0,2004408.0,"–∞ —Å–∫–æ–ª—å–∫–æ —Å—Ç–æ–∏—Ç —Å–º—Å, —á—Ç–æ–±—ã –ø—Ä–æ–≥–æ–ª–æ—Å–æ–≤–∞—Ç—å —Å –£–∫—Ä–∞–∏–Ω—ã? –∏ –Ω–∞ –∫–∞–∫–æ–π –Ω–æ–º–µ—Ä?",—Å –£–∫—Ä–∞–∏–Ω—ã,–û–¥–µ—Å—Å–∞,22,–£–∫—Ä–∞–∏–Ω–∞,1
0,251500526.0,2197109.0,"[id194499898|–ê–ª—ë–Ω–∞], –Ω–µ –Ω—É –æ–Ω —Ç–æ —Å –£–∫—Ä–∞–∏–Ω—ã, –Ω–æ –ø–µ–≤–µ—Ü —Ç–∏–ø —Ä—É—Å—Å–∫–∏–π —Å—á–∏—Ç–∞–µ—Ç—Å—è",—Å –£–∫—Ä–∞–∏–Ω—ã,–ö–∏–µ–≤,None,–£–∫—Ä–∞–∏–Ω–∞,2
0,251502143.0,2082847.0,"[id153052131|–ê–Ω–∂–µ–ª–∞], –¥–æ–∫–∞–∑—ã–≤–∞—Ç—å —è –Ω–∏—á–µ–≥–æ –Ω–µ —Å–æ–±–∏—Ä–∞—é—Å—å –∏ —Ç—Ä–∞—Ç–∏—Ç—å –Ω–∞ –í–∞—Å –≤—Ä–µ–º—è —Ç–µ–º –±–æ–ª–µ–µ! –Ø –ª—É—á—à–µ –ø–æ–π–¥—É –≤–æ–∑—å–º—É —á–∞—à–∫—É —Ç–µ–ø–ª–æ–≥–æ —á–∞—è, –∑–∞–π–¥—É –≤ –Æ—Ç—É–± –∏ –ø–æ—É–≥–∞—Ä–∞—é —Å –†–æ—Å—Å–∏–∏ 1 –∏–ª–∏ –∫–∞–∫ —Ç–∞–º ""–ø—Ä–∞–≤–¥–∞, —á–µ—Å–Ω–∞ –ø—Ä–µ—á–µ—Å–Ω–∞"" —Å–∞–º—ã–π –ª–∂–∏–≤—ã–π –∏ –±–µ–∑–≥—Ä–∞–º–æ—Ç–Ω—ã–π.",—Å –†–æ—Å—Å–∏–∏,–î–Ω–µ–ø—Ä–æ–ø–µ—Ç—Ä–æ–≤—Å–∫ (–î–Ω–µ–ø—Ä),15,–£–∫—Ä–∞–∏–Ω–∞,2
0,255612179.0,352233.0,"–ù–µ–¥–µ–ª—é –Ω–∞–∑–∞–¥ –ø—Ä–∏–µ—Ö–∞–ª —Å –ë–µ–ª–∞—Ä—É—Å–∏, –≤–æ –º–Ω–æ–≥–æ–º —Å–æ–≥–ª–∞—Å–µ–Ω. –¶–µ–Ω—ã –Ω–∞ –ø—Ä–æ–¥—É–∫—Ç—ã —Å–º—É—Ç–∏–ª–∏ ? –û–Ω–∏ —Ö–æ—Ç—å –∏ –¥–æ—Ä–æ–≥–∏–µ –∑–∞—Ç–æ –∫–∞—á–µ—Å—Ç–≤–µ–Ω–Ω—ã–µ ,–∫–∞–∫ –ø–æ –º–Ω–µ –Ω–∞—à–∞ –ø—Ä–æ–¥—É–∫—Ü–∏—è —É—Å—Ç—É–ø–∞–µ—Ç –≤–æ –º–Ω–æ–≥–æ–º !!! –ê —Ü–µ–Ω–∞ –ø–∏–¥–∞—Ä** —è –∫–∞–∫ –±—ã–ª–∞ —Ç–∞–∫ –∏ –æ—Å—Ç–∞–ª–∞—Å—å",—Å –ë–µ–ª–∞—Ä—É—Å–∏,–ù–∏–∫–æ–ø–æ–ª—å,None,–£–∫—Ä–∞–∏–Ω–∞,2
0,256864706.0,2217053.0,"[id249056517|–ú–∞—à–∞], —è —Ç–æ–∂–µ —Å –£–∫—Ä–∞–∏–Ω—ã, –∞ –∏–∑–¥–µ–≤–∞—Ç—å—Å—è –Ω–∞ –∫–æ–Ω–∫—É—Ä—Å–∞–Ω—Ç–∞–º–∏  –∏–∑ –†–æ—Å—Å–∏–∏, —É–¥–µ–ª —Ç—É–ø–æ–π —à–∫–æ–ª–æ—Ç—ã, –∫–æ—Ç–æ—Ä–æ–π –ª–∏—à—å –±—ã –¥–∞–π –Ω–∞–¥ –∫–µ–º –Ω–∏–±—É–¥—å –ø–æ–∏–∑–¥–µ–≤–∞—Ç—å—Å—è.",—Å –£–∫—Ä–∞–∏–Ω—ã,None,None,–£–∫—Ä–∞–∏–Ω–∞,1
0,258578303.0,2047809.0,"[id231537270|–£–ª—å—è–Ω–∞], –ø–æ—á–µ–º—É —Ç—ã —Ç–∞–∫ –∂–µ—Å—Ç–∫–æ –∏ –¥–µ—Ä–∑–∫–æ? –ù–µ—É–∂–µ–ª–∏ –∏–∑–∑–∞ —Å—Å–æ—Ä—ã –ø–æ–ª–∏—Ç–∏–∫–æ–≤ –æ–±—ã—á–Ω—ã–µ –ª—é–¥–∏ —Ç–æ–∂–µ –¥–æ–ª–∂–Ω—ã —Å—Ä–∞—Ç—å—Å—è? –Ø —Å —É–∫—Ä–∞–∏–Ω—ã –Ω–æ –≥–æ–ª–æ—Å–æ–≤–∞–ª–∞ –∑–∞ –ª–∞–∑–∞—Ä–µ–≤–∞. –ò –Ω–∏—á–µ–≥–æ.",—Å —É–∫—Ä–∞–∏–Ω—ã,–ù–∏–∫–æ–ª–∞–µ–≤,15,–£–∫—Ä–∞–∏–Ω–∞,1
0,26343406.0,413637.0,"–ø–æ–µ–∑–¥ –õ–∏—Å–∏—á–∞–Ω—Å–∫ - –•–∞—Ä—å–∫–æ–≤ - –ö–∏–µ–≤ (~16 —á–∞—Å–æ–≤, –ø–ª–∞—Ü–∫–∞—Ä—Ç 145 –≥—Ä–Ω ). –ê —Å –ö–∏–µ–≤–∞ –º–æ–∂–Ω–æ —á–µ–º —É–≥–æ–¥–Ω–æ (–æ–∫–æ–ª–æ 6 —á–∞—Å–æ–≤, –∫ –ø—Ä–∏–º–µ—Ä—É, –ø–ª–∞—Ü–∫–∞—Ä—Ç –∂/–¥ ~190 –≥—Ä–Ω)",—Å –ö–∏–µ–≤–∞,–°–µ–≤–µ—Ä–æ–¥–æ–Ω–µ—Ü–∫,24,–£–∫—Ä–∞–∏–Ω–∞,2
0,26352258.0,2560741.0,"–ø–∏—à—É —Å –ì–µ—Ä–º–∞–Ω–∏–∏ –ø–æ—Ü–∞–Ω—ã, –Ω–æ—Ä–º–∞–ª—å–Ω–æ –ø–æ –±–µ–∑–≤–∏–∑—É –ø—É—Ç–µ—à–µ—Å—Ç–≤—É—é",—Å –ì–µ—Ä–º–∞–Ω–∏–∏,None,None,–£–∫—Ä–∞–∏–Ω–∞,2
0,263610704.0,409581.0,–º–æ–∂–µ–º –≤–º–µ—Å—Ç–µ —Å –ö–∏–µ–≤–∞ –≤ –∞–ø—Ä–µ–ª–µ –ø–æ–ª–µ—Ç–µ—Ç—å)),—Å –ö–∏–µ–≤–∞,–ö–∏–µ–≤,None,–£–∫—Ä–∞–∏–Ω–∞,1
0,26537186.0,383656.0,"–í–æ–∑–≤—Ä–∞—â–∞–µ–º—Å—è —Å –ù–æ—Ä–≤–µ–≥–∏–∏, —Ç–æ–∂–µ 10 –¥–Ω–µ–π –∫–æ–ª—ë—Å –∏–ª–∏, —Å—Ç–æ–ø - –æ—Ç–ª–∏—á–Ω—ã–π, —Ç—Ä–∞—Ñ–∏–∫ –∏–Ω–æ–≥–¥–∞ —Å–ª–∞–±—ã–π. –û–¥–∏–Ω –≤–æ–¥–∏—Ç–µ–ª—å –¥–∞–∂–µ –∫–ª—é—á–∏ –æ—Ç –∞–≤—Ç–æ  –æ—Ç–¥–∞–ª –∏ –æ–¥–æ–ª–∂–∏–ª –º–∞—à–∏–Ω—É –Ω–∞ –ø–æ–ª –¥–Ω—è))",—Å –ù–æ—Ä–≤–µ–≥–∏–∏,–•–∞—Ä—å–∫–æ–≤,None,–£–∫—Ä–∞–∏–Ω–∞,2
0,265671936.0,1977872.0,"[id321289|–°–∞—à–∫–∞], –¥–∞ —Ç—ã —á—Ç–æ? –°–µ—Ä—å–µ–∑–Ω–æ?
–ü–æ –ø–µ—Ä–≤—ã–º —Å–ª–æ–≤–∞–º –¥—É–º–∞–ª —Å –£–∫—Ä–∞–∏–Ω—ã –ø–∏—à–µ—Ç, –∞ –ø–æ—Ç–æ–º –æ–∫–∞–∑–∞–ª–æ—Å—å –≤ –µ—ë —Å—Ç–æ—Ä–æ–Ω—É. –ü–æ-–º–æ–µ–º—É, —Å—É–¥—è –ø–æ –≤—Å–µ–º –∫–æ–º–º–µ–Ω—Ç–∞—Ä–∏—è–º –∏ —Å–∏—Ç—É–∞—Ü–∏—è–º –∏–∑ –∂–∏–∑–Ω–∏ —ç—Ç–æ —Ä—É—Å—Å–∫–∏–µ —Å—Ç–∞–≤—è—Ç —Å–µ–±—è –≤—ã—à–µ –≤—Å–µ—Ö. –í—ã –≤—Å–µ–≥–¥–∞ —Å–∞–º—ã–µ –ª—É—á—à–∏–µ, –Ω–∏–∫–æ–º—É –≤–∞–º –Ω–µ—Ç —Ä–∞–≤–Ω—ã—Ö, —Ç–æ–ª—å–∫–æ –≤—ã –¥–æ—Å—Ç–æ–π–Ω—ã–µ. (–Ω–µ—Ç)
–ö–æ—Ä–º–∏–ª–∏ –≤—ã? –°–Ω–∞—á–∞–ª–∞ –º–æ—Ä–∞–ª–∏ –≥–æ–ª–æ–¥–æ–º –≤ 32-33 –≥–æ–¥–∞—Ö, –≥–µ–Ω–æ—Ü–∏–¥ —É–∫—Ä–∞–∏–Ω—Å–∫–æ–≥–æ –Ω–∞—Ä–æ–¥–∞. –ó–∞–∫–æ–Ω –æ –ø—è—Ç–∏ –∫–æ–ª–æ—Å–∫–∞—Ö? –ê —Ç—É—Ç –∫–æ—Ä–º—è—Ç...–ù—É, —Å–ø–∞—Å–∏–±–æ :)",—Å –£–∫—Ä–∞–∏–Ω—ã,–û–¥–µ—Å—Å–∞,18,–£–∫—Ä–∞–∏–Ω–∞,2
0,269125243.0,2116910.0,"[id253802924|–ê—Ä—Ç–µ–º], —è —Å –£–∫—Ä–∞–∏–Ω—ã —É –Ω–∞—Å –ê—Ä—Ç–µ–∫ –≤ –ë—É–∫–æ–≤–µ–ª–µ 
–ê —É –≤–∞—Å –≥–¥–µ?",—Å –£–∫—Ä–∞–∏–Ω—ã,None,None,–£–∫—Ä–∞–∏–Ω–∞,2
0,269172031.0,2335080.0,–ü–û–ú–û–ì–ò–¢–ï! –ù–∞ –∫–∞–∫–æ–π –Ω–æ–º–µ—Ä –∫–∏–¥–∞—Ç—å —Å–º—Å —Å –≥–æ–ª–æ—Å–æ–º —Å –£–∫—Ä–∞–∏–Ω—ã????!!!,—Å –£–∫—Ä–∞–∏–Ω—ã,–ß–µ—Ä–∫–∞—Å—Å—ã,19,–£–∫—Ä–∞–∏–Ω–∞,1
0,272005915.0,1773052.0,"[id156318045|–ò–≤–∞–Ω], —Ç—ã —Å–ª–∏—à–∫–æ–º –ø–∞—Ç—Ä–∏–æ—Ç. –ù—É–∂–Ω–æ –æ–±—ä–µ–∫—Ç–∏–≤–Ω–æ –æ—Ü–µ–Ω–∏–≤–∞—Ç—å.
–Ø —Å –£–∫—Ä–∞–∏–Ω—ã,–Ω–æ –î–∂–∞–º–∞–ª—É –Ω–µ —Å—Ç–∞–≤–ª—é –ø–æ—á–µ–º—É —Ç–æ –≤ —Ç–æ–ø10 –¥–∞–∂–µ —Å–≤–æ–π",—Å –£–∫—Ä–∞–∏–Ω—ã,–ú–∞—Ä–∏—É–ø–æ–ª—å,None,–£–∫—Ä–∞–∏–Ω–∞,2
0,272294954.0,17434343.0,"–ó–∞ –∂–µ—Å—Ç–æ–∫–æ–µ –æ–±—Ä–∞—â–µ–Ω–∏–µ —Å –∂–∏–≤–æ—Ç–Ω—ã–º–∏, –∫—Ç–æ —Å –ú–æ—Å–∫–≤—ã, –ø–∏—à–∏—Ç–µ –∑–∞—è–≤—É –Ω–∞ –Ω–µ—ë",—Å –ú–æ—Å–∫–≤—ã,–û–¥–µ—Å—Å–∞,24,–£–∫—Ä–∞–∏–Ω–∞,2
0,273113323.0,17771476.0,"–ö–∞–∫ —Ö–æ—Ä–æ—à–æ, —á—Ç–æ —è —Å –£–∫—Ä–∞–∏–Ω—ã",—Å –£–∫—Ä–∞–∏–Ω—ã,–ö–∏–µ–≤,17,–£–∫—Ä–∞–∏–Ω–∞,1
0,274610028.0,2367165.0,"[id405848422|–û–ª—å–≥–∞], –æ–Ω —Å –ê–∑–µ—Ä–±–∞–π–¥–∂–∞–Ω–∞,–∫–∞–∫–∏–µ –∑–∞–ø—è—Ç—ã–µ?",—Å –ê–∑–µ—Ä–±–∞–π–¥–∂–∞–Ω–∞,None,None,–£–∫—Ä–∞–∏–Ω–∞,2
0,274847945.0,2292943.0,"[id316473213|–ù–∏–∫–∞], –∏–¥–∏–æ—Ç–∫–∞ —è —Å –£–∫—Ä–∞–∏–Ω—ã, –∏ –º–Ω–µ –≤–∞—à —Ä—É—Ü–∫–∏–π –∑–Ω–∞—Ç—å –≤–æ–æ–±—â–µ –Ω–µ –æ–±—è–∑–∞—Ç–µ–ª—å–Ω–æ!) —Ç–∞–∫ —á–∏—Å—Ç–æ –≤–∞—Å –ø–æ—á–º—ã—Ä–∏—Ç—å!)",—Å –£–∫—Ä–∞–∏–Ω—ã,None,27,–£–∫—Ä–∞–∏–Ω–∞,2
0,280022101.0,2210170.0,"[id267465866|–ê–ª–∏–Ω–∞], —Å –£–∫—Ä–∞–∏–Ω—ã, –¥–∞ –µ—â—ë —Å –î–æ–Ω–±–∞—Å—Å–∞.
–ú–Ω–µ —á–∞—Å—Ç–æ –∑–∞–¥–∞—é—Ç —Ç–∞–∫–æ–π –≤–æ–ø—Ä–æ—Å, –∫–∞–∫–æ–π —Ç—ã —É–∫—Ä–∞–∏–Ω–µ—Ü –µ—Å–ª–∏ —Ä–æ–¥–∏–ª—Å—è –≤ –õ—É–≥–∞–Ω—Å–∫–æ–π –æ–±–ª–∞—Å—Ç–∏!?
–¢–∞–∫–∏–º —è –æ—Ç–≤–µ—á–∞—é:
–ï—Å–ª–∏ –≥–æ–ª—É–±—å —Ä–æ–¥–∏–ª—Å—è –≤ –∫–æ–Ω—é—à–Ω–µ, –æ–Ω –∂–µ –Ω–µ –∫–æ–Ω—å!?!",—Å –£–∫—Ä–∞–∏–Ω—ã,–°—Ç–∞—Ä–æ–±–µ–ª—å—Å–∫,56,–£–∫—Ä–∞–∏–Ω–∞,2
0,286566279.0,1561939.0,"[id170700723|–ö—Å—é—à–∞], —è —Å –ö—Ä—ã–º–∞, –≤ –≤–∏–¥–µ–æ —Å–ø—Ä–∞—à–∏–≤–∞–µ—Ç—Å—è –º–Ω–µ–Ω–∏–µ –∫—Ä—ã–º—á–∞–Ω, –∞—Ö –¥–∞, –≤–∞–º –∂–µ –≤–∏–¥–Ω–µ–µ",—Å –ö—Ä—ã–º–∞,–ö–∏–µ–≤,None,–£–∫—Ä–∞–∏–Ω–∞,2
0,286704073.0,1930387.0,"–ß–∏—Ç–∞—é –∏ –ø–æ—Ä–∞–∂–∞—é—Å—å....–ù–∞ –∫–∞–∂–¥–æ–≥–æ –ø–µ–≤—Ü–∞ —Å–≤–æ–π –∑—Ä–∏—Ç–µ–ª—å...–ù–µ –Ω—Ä–∞–≤–∏—Ç—Å—è –∫–∞–∫ —Å–ø–µ–ª–∞ –î–∂–∞–º–∞–ª–∞,—Ç–æ –≤—Å–µ –º–Ω–µ–Ω–∏–µ –≤–∞—à–µ!–ü–æ–≤–µ—Ä—å—Ç–µ –µ–π –≥–ª—É–±–æ–∫–æ –Ω–∞–ø–ª–µ–≤–∞—Ç—å, —á—Ç–æ —Ç—É—Ç –ø–∏—à—É—Ç –∏ –∫—Ç–æ!–û–Ω–∞ –ø–æ–ø–∞–ª–∞ –≤ —Ñ–∏–Ω–∞–ª , –≤—Å–µ..–í–∞—à–∏ –∫–æ–º–º–µ–Ω—Ç–∞—Ä–∏–∏ –Ω–∏–∫–∞–∫ –Ω–µ –ø–æ–≤–ª–∏—è—é—Ç.–ú–Ω–µ –ø–µ—Å–Ω—è –æ—á–µ–Ω—å –ø–æ–Ω—Ä–∞–≤–∏–ª–æ—Å—å, –∞ –≥–æ–ª–æ—Å –µ–µ —ç—Ç–æ –Ω–µ—á—Ç–æ!–ò –º–Ω–æ–≥–∏–µ –∞—Ä—Ç–∏—Å—Ç—ã  —Å –†–æ—Å—Å–∏–∏ –≥–æ–≤–æ—Ä—è—Ç —Ç–∞–∫ –∂–µ!",—Å –†–æ—Å—Å–∏–∏,–•–º–µ–ª—å–Ω–∏—Ü–∫–∏–π,None,–£–∫—Ä–∞–∏–Ω–∞,1
0,28676266.0,1827722.0,"[id142529591|–î–µ–Ω–∏—Å], —è –Ω–µ —É–¥–∏–≤–ª–µ–Ω–∞ —á—Ç–æ —Ç—ã –ª–∞–∑–∞–¥..—Å –†–æ—Å—Å–∏–∏))",—Å –†–æ—Å—Å–∏–∏,–•–∞—Ä—å–∫–æ–≤,24,–£–∫—Ä–∞–∏–Ω–∞,1
0,28792548.0,1908999.0,"[id156994989|–í–∏—Ç–∞–ª–∏–π], –∫—Ç–æ –º—ã??—è —Å –£–∫—Ä–∞–∏–Ω—ã))",—Å –£–∫—Ä–∞–∏–Ω—ã,–î–Ω–µ–ø—Ä–æ–ø–µ—Ç—Ä–æ–≤—Å–∫ (–î–Ω–µ–ø—Ä),28,–£–∫—Ä–∞–∏–Ω–∞,1
0,288341411.0,2321934.0,–Ø —Ö–æ—Ç—å —Å –£–∫—Ä–∞–∏–Ω—ã –Ω–æ —è –±–æ–ª–µ—é –∑–∞ –ë–µ–ª–∞—Ä—É—Å—å.,—Å –£–∫—Ä–∞–∏–Ω—ã,–•–∞—Ä—å–∫–æ–≤,29,–£–∫—Ä–∞–∏–Ω–∞,2
0,289813124.0,1585173.0,"—Å –±–µ–ª—å–≥–∏–∏ –≤–æ–æ–±—â–µ –±–∏–±–µ—Ä –±–ª—è—Ç—å,–ò—Ç–∞–ª–∏—è –≤—ã–∏–≥—Ä–∞–µ—Ç,—Ä–∞–∑ —É–∂ —Ç—É—Ç –º–Ω–æ–≥–æ –æ—Ç–∑—ã–≤–æ–≤ —Ö–æ—Ä–æ—à–∏—Ö,—è —Å —É–∫—Ä–∞–∏–Ω—ã,–Ω–∞—à–∏—Ö –Ω–µ—Ç,–±–æ–ª–µ—é –∑–∞ –ø–æ–ª–∏–Ω—É)—Ä–∞—à–∫–∞ –≤–ø–µ—Ä–µ–¥)))—Ö–æ—Ö–ª—ã —Å –≤–∞–º–∏",—Å –±–µ–ª—å–≥–∏–∏,–î–Ω–µ–ø—Ä–æ–ø–µ—Ç—Ä–æ–≤—Å–∫ (–î–Ω–µ–ø—Ä),22,–£–∫—Ä–∞–∏–Ω–∞,2
0,290820367.0,357344.0,"[id155026408|–≠—Ö–æ], –ö—Ä–∞–π–Ω–æ—Å—Ç—å –Ω–µ –º–æ–∂–µ—Ç –ø–æ–∫–∞–∑–∞—Ç—å –æ–±—å–µ–∫—Ç–∏–≤–Ω–æ—Å—Ç—å. –ê –≤ —Å—Ä–µ–¥–Ω–µ–º, –≤—Å–µ –∑–Ω–∞—é—Ç —á—Ç–æ –ú–∞—à–∞ –¥–∞—ë—Ç –≤—Å–µ–º, –∞ –î—É–Ω—è –Ω–∏–∫–æ–º—É –Ω–µ –¥–∞–µ—Ç.

p.s –µ—Å–ª–∏ –≤–ø–∞–¥–∞—Ç—å –≤ –∫—Ä–∞–π–Ω–æ—Å—Ç—å, —Ç–æ –Ω–∞ —Ñ–æ—Ç–æ —Å –ì–µ—Ä–º–∞–Ω–∏–∏ —Ç–æ–∂–µ –º–æ–∂–Ω–æ –±—ã–ª–æ –≤—Å—Ç–∞–≤–∏—Ç—å –∑–∞–¥—Ä—ã–ø–∞–Ω–æ–µ —Å–µ–ª–æ..",—Å –ì–µ—Ä–º–∞–Ω–∏–∏,None,None,–£–∫—Ä–∞–∏–Ω–∞,2
0,299319888.0,17289603.0,"–Ø —Å –£–∫—Ä–∞–∏–Ω—ã —Ç–∞–∫ —è –≤ 5 —É–∂–µ –≤–æ—Ä–æ–≤–∞–ª –∫—Ä—ç–∫ —É –¥–µ–¥–∞, –∫–æ—Ç–æ—Ä—ã–π –≤–æ—Ä–æ–≤–∞–ª –µ–≥–æ —É —Å–≤–æ–µ–≥–æ –ø–∞–ø—ã, –∞ —Ç–æ—Ç –≤–æ—Ä–æ–≤–∞–ª —É –º–µ–Ω—Ç–æ–≤",—Å –£–∫—Ä–∞–∏–Ω—ã,–ù–µ–∂–∏–Ω,17,–£–∫—Ä–∞–∏–Ω–∞,2
0,299413210.0,17488093.0,–ö–æ–≥–¥–∞ —Ç—ã —Å –∫–∏–µ–≤–∞ –∏ –≤–æ–æ–±—â–µ –ø–æ—Ö—É–π,—Å –∫–∏–µ–≤–∞,–ö–∏–µ–≤,23,–£–∫—Ä–∞–∏–Ω–∞,2
0,302191069.0,2358716.0,–∫–∞–∫ –º–æ–∂–Ω–æ –±—ã–ª–æ –≤—ã–±—Ä–∞—Ç—å —ç—Ç—É —É–±–æ–≥—É—é –ø–µ—Å–Ω—é —Å –ø–æ—Ä—Ç—É–≥–∞–ª–∏–∏ —á—Ç–æ —É –ª—é–¥–µ–π —Å–æ –≤–∫—É—Å–æ–º,—Å –ø–æ—Ä—Ç—É–≥–∞–ª–∏–∏,–î–Ω–µ–ø—Ä–æ–ø–µ—Ç—Ä–æ–≤—Å–∫ (–î–Ω–µ–ø—Ä),26,–£–∫—Ä–∞–∏–Ω–∞,2
0,306235989.0,1579269.0,"–†–æ—Å—Å–∏—è –≤ —ç—Ç–æ–º –≥–æ–¥—É –∑–∞—Å–ª—É–∂–∏–≤–∞–µ—Ç –ø–æ–±–µ–¥–∏—Ç—å, —Å –£–∫—Ä–∞–∏–Ω—ã)",—Å –£–∫—Ä–∞–∏–Ω—ã,–ö–∏–µ–≤,None,–£–∫—Ä–∞–∏–Ω–∞,2
0,309284848.0,344634.0,"–ï—â—ë —á—É—Ç—å —á—É—Ç—å –∏ —É–∂–µ —Å –†–æ—Å—Å–∏–∏ –Ω–µ –≤—ã–ø—É—Å—Ç—è—Ç!  –ê –Ω–∞ –ú–æ—Å–∫–≤—É –µ—Å–ª–∏ –µ—Ö–∞—Ç—å —Å –£–∫—Ä–∞–∏–Ω—ã –ø—Ä–æ–±–ª–µ–º –Ω–µ—Ç??  –ê –≤–æ–æ–±—â–µ—Ç–æ —É –Ω–∞—Å —Ç—É—Ç —Ö–æ—Ä–æ—à–æ, –≤ –£–∫—Ä–∞–∏–Ω–µ, –¥–∞—é—Ç –∫–ª–∞–ø—Ç–∏–∫ –∑–µ–º–ª–∏ –∏ –¥–≤–∞ —Ä–∞–±–∞!!!  –ü—Ä–∏–µ–∑–∂–∞–π –±—É–¥–µ—à—å –∫–∞—Ä—Ç–æ—à–∫—É —Å–∞–¥–∏—Ç—å!  –ê –µ—Å–ª–∏ —Å–µ—Ä—å—ë–∑–Ω–æ –∫–æ–º—É –∫–∞–∫–æ–µ –¥–µ–ª–æ –¥–æ —Ç–µ–±—è!? –•–æ—á–µ—à—å –µ—Ö–∞—Ç—å –ø—Ä–∏–µ–∑–∂–∞–π!",—Å –†–æ—Å—Å–∏–∏,–ß–µ—Ä–∫–∞—Å—Å—ã,None,–£–∫—Ä–∞–∏–Ω–∞,2
0,31028594.0,1602849.0,"–†–æ—Å—Å–∏—è —Ö–æ—Ä–æ—à–∞ –±—ã–ª–∞, —Ä–µ–±—è—Ç–∞ —Ä–æ—Å—Å–∏—è–Ω–µ –í–∞–º –µ—Å—Ç—å –∫–µ–º –≥–æ—Ä–¥–∏—Ç—Å—è! –ü–æ–ª–∏–Ω–∞ –¥–æ—Å—Ç–æ–π–Ω–æ –æ—Ç—Å—Ç–æ—è–ª–∞ –∏ –∑–∞ –ë–µ–ª–∞—Ä—É—Å—å –∏ –∑–∞ –£–∫—Ä–∞–∏–Ω—É –∏ –∑–∞ –†–æ—Å—Å–∏—é! –ú–æ–ª–æ–¥–µ—ÜüëèüëèüëèüëçüëçüëçP.S. (—Å–∞–º —Å –£–∫—Ä–∞–∏–Ω—ã)",—Å –£–∫—Ä–∞–∏–Ω—ã,–¢–µ—Ä–Ω–æ–ø–æ–ª—å,None,–£–∫—Ä–∞–∏–Ω–∞,2
0,31259383.0,2020733.0,"–ò–Ω—Ç–µ—Ä–µ—Å–Ω–æ –æ–¥–Ω–æ, —á—Ç–æ —É –≤—Å–µ—Ö –¥–æ 1–∫ –∫–æ–º–º–µ–Ω—Ç–æ–≤, –∞ —É –î–∂–∞ —Å—Ä–∞–∑—É 3–∫.. –ó–Ω–∞—á–∏—Ç —á—Ç–æ? –ó–∞—Ü–µ–ø–∏–ª–æ! –í —ç—Ç–æ–π –≥—Ä—É–ø–ø–µ –±–æ–ª—å—à–∏–Ω—Å—Ç–≤–æ —Å –†–æ—Å—Å–∏–∏ –∏ –£–∫—Ä–∞–∏–Ω—ã, —è —Ç–∞–∫ –ø–æ–Ω–∏–º–∞—é, –ø–æ—ç—Ç–æ–º—É –∏ —Ä–æ—Å.—Ä–µ–±—è—Ç–∞ –≥–æ–Ω—è—Ç –Ω–∞ –Ω–µ–µ, –∑–∞—â–∏—â–∞—è –õ–∞–∑–∞—Ä–µ–≤–∞. –¢–∞–∫ –æ —á–µ–º —è.. –ó–∞—Ü–µ–ø–∏–ª–∞ –æ–Ω–∞ –≤–∞—Å –≤—Å–µ—Ö, —Ä–µ–±—è—Ç–∞! –ê –∑–Ω–∞—á–∏—Ç –æ—Å—Ç–∞–ª–∞—Å—å –æ–¥–Ω–æ–π –∏–∑ —Å–∞–º—ã—Ö —è—Ä–∫–∏—Ö –∏—Å–ø–æ–ª–Ω–∏—Ç–µ–ª—å–Ω–∏—Ü! –ñ–µ–ª–∞—é –µ–π —É–¥–∞—á–∏! –ê —Ç–æ –æ—Ç —ç—Ç–æ–π –∂—É—Ç–∫–æ–π –ø–æ–ø—Å—ã —É–∂–µ –∞–∂ —Ç–æ—à–Ω–æ)",—Å –†–æ—Å—Å–∏–∏,–ö–∏–µ–≤,None,–£–∫—Ä–∞–∏–Ω–∞,1
0,317678895.0,48760.0,"[id113239218|–°–µ—Ä–µ–∂–∞], –Ø –º–æ–≥—É –ø–æ—Å–ª—É—à–∞—Ç—å)
(–Ø —Å –£–∫—Ä–∞–∏–Ω—ã)",—Å –£–∫—Ä–∞–∏–Ω—ã,–•–µ—Ä—Å–æ–Ω,None,–£–∫—Ä–∞–∏–Ω–∞,2
0,318810582.0,1931353.0,"[id70101599|–ï–ª–µ–Ω–∞], –ø–æ–ø—Ä–æ—à—É –∑–∞–º–µ—Ç–∏—Ç—å, —á—Ç–æ —è —Å –£–∫—Ä–∞–∏–Ω—ã, –¥–∞ –∏ –ø—Ä–∏—á—ë–º –ø–æ–ª–∏—Ç–∏–∫–∞ –∏ –ü—É—Ç–∏–Ω –∫ –∫–æ–Ω–∫—É—Ä—Å—É!!! –ê —Ç–æ —á—Ç–æ –†–æ—Å—Å–∏—è –±—ã–ª–∞ –ª—É—á—à–µ —á–µ–º –£–∫—Ä–∞–∏–Ω–∞!!! –≠—Ç–æ –º–æ—ë –ª–∏—á–Ω–æ–µ –º–Ω–µ–Ω–∏–µ!!",—Å –£–∫—Ä–∞–∏–Ω—ã,–î–æ–Ω–µ—Ü–∫,None,–£–∫—Ä–∞–∏–Ω–∞,1
0,32601108.0,18025050.0,"[id302475982|–ê—Ä—Ç—ë–º], –†–æ—Å—Å–∏—è —Ç–µ–±—è –ø–æ—Ç—Ä–µ–ø–∞–ª–∞, —è —Å –£–∫—Ä–∞–∏–Ω—ã",—Å –£–∫—Ä–∞–∏–Ω—ã,–í–∏—à–Ω–µ–≤–æ–µ,24,–£–∫—Ä–∞–∏–Ω–∞,2
0,326805995.0,2182852.0,"–û–º–≥ ,—Ç–µ–ø–µ—Ä—å –≤—Å—è –Ω–∞–¥–µ–∂–¥–∞ –Ω–∞ –ê–≤—Å—Ç—Ä–∞–ª–∏—é –∏ –°–≤–∞–ª—É —Å –ò—Å–ª–∞–Ω–¥–∏–∏,–Ω—É —Ç–∞–∫–∏–µ —à–ª–∞–∫-–ø–µ—Å–Ω–∏ –Ω–∞ –æ—Ç–±–æ—Ä–∞—Ö —ç—Ç–∏—Ö(",—Å –ò—Å–ª–∞–Ω–¥–∏–∏,–õ—å–≤–æ–≤,18,–£–∫—Ä–∞–∏–Ω–∞,2
0,33121111.0,1799037.0,"–Ø—Ä–æ—Å–ª–∞–≤, –Ω—É –Ω–µ –∑–Ω–∞—é, —É –∫–∞–∂–¥–æ–≥–æ —Å–≤–æ—ë –º–Ω–µ–Ω–∏–µ, –Ω–æ –±—ã–ª —É –º–µ–Ω—è –æ–¥–∏–Ω —Å–ª—É—á–∞–π —á—Ç–æ –∑–Ω–∞–∫–æ–º–æ–º—É —Å –®–≤–µ—Ü–∏–∏ –∫–∏–Ω—É–ª–∞ –ø–µ—Å–Ω—é, —Ç–∞–∫ –æ–Ω —Å–∫–∞–∑–∞–ª —á—Ç–æ –∑–Ω–∞–µ—Ç –∏ —Å–ª—ã—à–∞–ª —ç—Ç—É –ø–µ—Å–Ω—é, —á—Ç–æ –µ–º—É –Ω—Ä–∞–≤–∏—Ç—Å—è. –ù–µ –±—É–¥—É —Å–ø–æ—Ä–∏—Ç—å —á—Ç–æ —Ç–∞–Ω–µ—Ü –º–Ω–æ–≥–æ–µ –∏–≥—Ä–∞–ª, –Ω–æ –∫–∞–∫ –∏  –≤—Å—é–¥—É –Ω–∞ —Å—Ü–µ–Ω–µ —ç—Ç–æ –∏–≥—Ä–∞,–æ–Ω–∞ –∏–≥—Ä–∞–ª–∞,–ø–µ–ª–∞ –Ω—É, –∞ –ª—é–¥–∏ –ø–æ–≤–µ—Ä–∏–ª–∏ ..–Ω–æ –≥–æ–≤–æ—Ä–∏—Ç—å,—á—Ç–æ —ç—Ç–æ –±—ã–ª–∞ —Å–∞–º–∞ —Ö—É–¥—à–∞—è –ø–µ—Å–Ω—è –Ω–∏–∫–∞–∫ –Ω–µ–ª—å–∑—è.",—Å –®–≤–µ—Ü–∏–∏,–°–≤–∞–ª—è–≤–∞,None,–£–∫—Ä–∞–∏–Ω–∞,1
0,3317330.0,180444.0,"[id177294367|Zhenya], —á—É–≤–∞–∫–∏ –∏–∑ LP –≤–µ–¥—É—Ç —Ä–∞–∑–≤–µ —á—Ç–æ —Å–≤–æ–∏ —Å–æ–±—Å—Ç–≤–µ–Ω–Ω—ã–µ –ø—Ä–æ—Ñ–∏–ª–∏ –≤ –∏–Ω—Å—Ç–µ/–§–ë/—Ç–≤–∏—Ç—Ç–µ—Ä–µ.
–ü—Ä–æ—Ñ–∏–ª—è–º–∏ –≥—Ä—É–ø–ø—ã –∑–∞–≤–µ–¥—É—é—Ç —Å–æ—Ç—Ä—É–¥–Ω–∏–∫–∏ –≥—Ä—É–ø–ø—ã –∏–∑ LPHQ/LPUHQ, –ª–µ–π–±–ª–∞.

–¢—É—Ç, –≤ —á–∞—Å—Ç–Ω–æ—Å—Ç–∏, –ø–æ—Å—Ç—è—Ç –∫–∞–∫ —Ä–∞–±–æ—Ç–Ω–∏–∫–∏ LPUHQ –∏–∑ –°–®–ê, —Ç–∞–∫ –∏ —Å–æ—Ç—Ä—É–¥–Ω–∏–∫–∏ Warner Russia —Å –†–æ—Å—Å–∏–∏. –ù–æ –≤—Å–µ —Ä–∞–≤–Ω–æ –ø–æ—á—Ç–∏ –≤—Å–µ –ø—É–±–ª–∏–∫–∞—Ü–∏–∏ –∏–¥—É—Ç —Å –ø–æ–¥–∞—á–∏ —Å–æ—Ç—Ä—É–¥–Ω–∏–∫–æ–≤ —Å–æ –°–®–ê. 

–ú–æ–¥–µ—Ä–∞—Ç–æ—Ä—ã —ç—Ç–æ–≥–æ –ø–∞–±–ª–∏–∫–∞ - —Ä–æ—Å—Å–∏—è–Ω–µ –∏ —É–∫—Ä–∞–∏–Ω–µ—Ü. :)",—Å –†–æ—Å—Å–∏–∏,–õ—å–≤–æ–≤,30,–£–∫—Ä–∞–∏–Ω–∞,2
0,33970968.0,2338229.0,"–ö–∞—Ç–µ—Ä–∏–Ω–∞, —Ç—ã —Å –ë–µ–ª–∞—Ä—É—Å–∏–∏? –≥–æ–ª–æ—Å–æ–≤–∞—Ç—å –í–∞–º –Ω–µ–ª—å–∑—è –∑–∞ —Å–≤–æ—é —Å—Ç—Ä–∞–Ω—É",—Å –ë–µ–ª–∞—Ä—É—Å–∏–∏,–ß–µ—Ä–∫–∞—Å—Å—ã,None,–£–∫—Ä–∞–∏–Ω–∞,1
0,33987089.0,2374077.0,"[id274591456|–°–µ–≤–∏–ª—å], –¥–∞, —è —Ç–∞–∫ —Å—á–∏—Ç–∞—é, —Ö–æ—Ç—è —è —Å –£–∫—Ä–∞–∏–Ω—ã, –∏ –∫–∞–∫ –±–≤ –¥–æ–ª–∂–Ω–∞ –±—ã—Ç—å –Ω–∞–æ–±–æ—Ä–æ—Ç —Ä–∞–¥–∞ –ø–æ–±–µ–¥–µ –î–∂–∞–º–∞–ª—ã, –Ω–æ –Ω–µ—Ç. –ï—Å–ª–∏ –±—ã –µ—â—ë –•–∞—Ä–¥–∫–∏—Å—Å –ø–æ–µ—Ö–∞–ª–∏ —Å –ø–µ—Å–Ω–µ–π Helpless, —Ç–æ —è –±—ã–ª–∞ –±—ã –º–æ–∂–µ—Ç —Ä–∞–¥–∞, –∞ —Ç–∞–∫... –ù—É –∞ –Ω–∞ —Å—á–µ—Ç –ø–æ–ª–∏—Ç–∏–∫–∏- –¥—É—Ä–∞–∫—É –ø–æ–Ω—è—Ç–Ω–æ, —á—Ç–æ –ø–æ–±–µ–¥–∞ –†–æ—Å—Å–∏–∏ –Ω–µ –±—ã–ª–∞ –Ω–µ –≤—ã–≥–æ–¥–Ω–∞ –Ω–∏–∫–æ–º—É, –∫–∞–∫–æ–π –±—ã –Ω–æ–º–µ—Ä –∏ –ø–µ—Å–Ω—è –Ω–µ –±—ã–ª–∏. –ù–∞ —Å—á–µ—Ç –º–æ–µ–≥–æ –ø–ª–µ–π –ª–∏—Å—Ç–∞- —è —Å–ª—É—à–∞—é –≤—Å–µ, –Ω–µ –≤–∞–∂–Ω–æ –ø–æ–ø –∏–ª–∏ —Ä–æ–∫. –¢–æ–ª—å–∫–æ —Ä—ç–ø –Ω–µ —Å–ª—É—à–∞—é. –ú–æ–∂–µ—à—å –ø–æ—Å–º–æ—Ç—Ä–µ—Ç—å –≤—Å—é –º—É–∑—ã–∫—É –º–æ—é, –Ω–µ —Ç–æ–ª—å–∫–æ –õ–∞–∑–∞—Ä–µ–≤–∞ –∏ –ë–∏–ª–∞–Ω–∞ –Ω–∞–π–¥—ë—à—åüòÜ",—Å –£–∫—Ä–∞–∏–Ω—ã,–ù–∏–∫–æ–ª–∞–µ–≤,None,–£–∫—Ä–∞–∏–Ω–∞,1
0,341318125.0,2101856.0,"[id142529591|–î–µ–Ω–∏—Å], —ç—Ç–æ –∏—Ö –≤—ã–±–æ—Ä
—è —Ç–æ–∂–µ —É–µ—Ö–∞–ª–∞ —Å –ö—Ä—ã–º–∞ —Å–æ —Å–≤–æ–µ–π —Å–µ–º—å–µ–π –∫–æ–≥–¥–∞ –æ–Ω –≤–æ—à–µ–ª –≤ —Å–æ—Å—Ç–∞–≤ —Ä–æ—Å—Å–∏–∏ 
–∏ –º–æ–≥—É —Å —É–≤–µ—Ä–µ–Ω–Ω–æ—Å—Ç—å—é —Å–∫–∞–∑–∞—Ç—å —á—Ç–æ –µ—Å–ª–∏ —Ä–∞–Ω—å—à–µ –≤ –ö—Ä—ã–º—É –≤—Å–µ –±—ã–ª–∏ –∑–∞ –†–æ—Å—Å–∏—é —Ç–æ —Å–µ–π—á–∞—Å —Å–∏—Ç—É–∞—Ü–∏—è –æ—á–µ–Ω—å –º–µ–Ω—è–µ—Ç—Å—è,—Ç–∞–º —É –º–µ–Ω—è –¥—Ä—É–∑—å—è –æ—Å—Ç–∞–ª–∏—Å—å –∏ –Ω–æ–≤–æ—Å—Ç–∏ —è –≤—Å–µ –∑–Ω–∞—é,–Ω–µ —Å –Ω–æ–≤–æ—Å—Ç–µ–π) —Ç–∞–∫ —á—Ç–æ –≤—ã –Ω–µ –¥—É–º–∞–π—Ç–µ —É –Ω–∞—Å —Ç—É—Ç –Ω–µ –≤—Å–µ —Ç–∞–∫ –ø–ª–æ—Ö–æ.–∞ –≤–∞—à–∏ —Ä–æ–¥—Å—Ç–≤–µ–Ω–Ω–∏–∫–∏ –ø—Ä–æ—Å—Ç–æ –Ω–µ —Ö–æ—Ç–µ–ª–∏ –∏–∑–º–µ–Ω–∏—Ç—å —á—Ç–æ-—Ç–æ –≤ —Å–≤–æ–π —Å—Ç—Ä–∞–Ω–µ,–ª–µ–≥—á–µ –∂–µ —É–µ—Ö–∞—Ç—å",—Å –ö—Ä—ã–º–∞,–£–∂–≥–æ—Ä–æ–¥,None,–£–∫—Ä–∞–∏–Ω–∞,1
0,342689568.0,357819.0,"–ü—Ä–æ—á–µ–ª –≤—Å–µ –∫–æ–º–º–µ–Ω—Ç–∞—Ä–∏–∏, —Ä–µ—à–∏–ª —Ç–æ–∂–µ –≤—ã—Å–∫–∞–∑–∞—Ç—å—Å—è. –õ—é–¥–∏, –≤—ã –≤—Å–µ –≥–æ–≤–æ—Ä–∏—Ç–µ –æ –ø–æ–ª—å–∑–µ –º–∏—Ä—É, —Ç–∞–∫ –≤ —á–µ–º –∂–µ —ç—Ç–∞ –ø–æ–ª—å–∑–∞??? –Ø –≤—Ä–æ–¥–µ –∏ ""—à–µ–ª –ø–æ —Å–∏—Å—Ç–µ–º–µ, —Ä–∞–±–æ—Ç–∞–ª"" –≤—Ä–æ–¥–µ –∏ ""–±—Ä–æ–¥—è–∂–Ω–∏—á–∞–ª, –Ω–∞ 30 —Ä—É–±–ª–µ–π –≤ –ê–±—Ö–∞–∑–∏—é –º–æ—Ç–∞–ª—Å—è, –Ω–∞ 600 –≤ –ü–∏—Ç–µ—Ä, –Ω–∞ 1500 –≤ –ì—Ä—É–∑–∏—é, –ê—Ä–º–µ–Ω–∏—é –∏ –¢—É—Ä—Ü–∏—é "" –≠—Ç–∏ –¥–µ–Ω—å–≥–∏ –≤–µ–¥—å –∫–∞–∫ –¥–ª—è –ü–∞–≤–ª–∞ 10 000 —Ä—É–±–ª–µ–π. –Ø –≤–æ–æ–±—â–µ —Å–∞–º —Å –£–∫—Ä–∞–∏–Ω—ã, –Ω–æ –Ω–∏—á–µ–≥–æ –Ω–µ –º–µ—à–∞–µ—Ç –∑–∞—Ä–∞–±–æ—Ç–∞—Ç—å –Ω–∞ –ª—é–±–æ–π —Ä–∞–±–æ—Ç–µ –Ω—É–∂–Ω—É—é —Å—É–º–º—É –¥–µ–Ω–µ–≥ —á—Ç–æ –± —É–µ—Ö–∞—Ç—å –∫—É–¥–∞ –≥–ª–∞–∑–∞ –≥–ª—è–¥—è—Ç. –ö–∞–∫ –º–∏–Ω–∏–º—É–º –¥–µ–Ω–µ–≥ –ø—Ä–æ—Å—Ç–æ –Ω–∞ –µ–¥—É. –ü—Ä–∏ –ø–µ—Ä–≤—ã—Ö —Ç—Ä–∏–ø–∞—Ö –¥–∞–ª—å–Ω–∏—Ö, —Ç–∞–∫ —Ä–∞–¥–æ–≤–∞–ª—Å—è –∫–æ–≥–¥–∞ –º–Ω–µ –¥–∞–≤–∞–ª–∏ –¥–µ–Ω—å–≥–∏. –ò —Ç–æ–ª—å–∫–æ –Ω–µ–¥–∞–≤–Ω–æ –ø–µ—Ä–µ–æ—Å–º–≤—Å–ª–∏–ª, —á–µ–º—É —Ç—É—Ç —Ä–∞–¥–æ–≤–∞—Ç—å—Å—è?? –í–µ–¥—å —Ç—ã —Å–∞–º –º–æ–∂–µ—à—å –∏—Ö –∑–∞—Ä–∞–±–æ—Ç–∞—Ç—å, —ç—Ç–æ —ç–ª–µ–º–µ–Ω—Ç–∞—Ä–Ω–æ–µ –Ω–µ—É–≤–∞–∂–µ–Ω–∏–µ –∫ —Å–µ–±–µ. –ò –≤—Å–µ —Ä–∞–≤–Ω–æ –≤–æ—Ç —Ç–æ–ª—å–∫–æ –Ω–µ–¥–µ–ª—é –Ω–∞–∑–∞–¥, —è –∫–∞–∫ –Ω–µ –æ—Ç–∫–∞–∑—ã–≤–∞–ª—Å—è, –≤—Å–µ —Ä–∞–≤–Ω–æ –∑–∞—Å—É–Ω—É–ª–∏ 500 —Ä –≤ –∫–∞—Ä–º–∞–Ω. –î—Ä—É–≥–æ–µ –¥–µ–ª–æ –∫–æ–≥–¥–∞ –ø—ã—Ç–∞—é—Ç—Å—è —É–≥–æ—Å—Ç–∏—Ç—å –µ–¥–æ–π, –≤—Ä—è–¥–ª–∏ —ç—Ç–æ —Å–¥–µ–ª–∞—é—Ç —Ç–æ–º—É –∫—Ç–æ –ø—Ä–æ—Ç–∏–≤–µ–Ω. –¢–æ–µ—Å—Ç—å —á—Ç–æ —Ç–æ –ø—Ä–∏—è—Ç–Ω–æ–µ —Ç–æ–º—É –∫—Ç–æ —É–≥–æ—â–∞–µ—Ç –≤—Å–µ –∂–µ –±—ã–ª–æ —Å–¥–µ–ª–∞–Ω–Ω–æ, —Ä–∞—Å—Å–∫–∞–∑–∞–Ω–∞ –∏—Å—Ç–æ—Ä–∏—è, —É–±—Ä–∞–Ω –º—É—Å–æ—Ä, –ø–æ–º—ã—Ç–∞ –ø–æ—Å—É–¥–∞, –Ω–µ–≤–∞–∂–Ω–æ, —è –±—ã –Ω–µ —É–≥–æ—Å—Ç–∏–ª —Ç–æ–≥–æ –∫—Ç–æ –º–Ω–µ –ø—Ä–æ—Ç–∏–≤–µ–Ω. –°–∞–º —Å—Ç—É–¥–µ–Ω—Ç –∏ –±–µ–∑ –±–∞–±–ª–∞ —Å–∏–∂—É, –∏ –±–µ—Å–∏—Ç –∫–æ–≥–¥–∞ –ø—Ä–æ—Å—è—Ç –¥–µ–Ω—å–≥–∏. –ù–æ –µ—Å–ª–∏ –ø—Ä–æ—Å—è—Ç –µ–¥—É, —Å–∞–º –º–æ–≥—É –±—ã—Ç—å –≥–æ–ª–æ–¥–Ω—ã–º, –Ω–æ –ø–æ–¥–µ–ª—é—Å—å. –ò –≤—Å–µ –∂–µ –ø—Ä–æ—à—É –≤–∞—Å –º—É–¥–µ—Ü–æ–≤, –ø–æ—è—Å–Ω–∏—Ç—å –º–Ω–µ, —á—Ç–æ –µ—Å—Ç—å –æ—Ç–¥–∞—á–∞? –ü–æ–º–æ—â—å –º–∏—Ä—É? –õ—é–¥—è–º?",—Å –£–∫—Ä–∞–∏–Ω—ã,None,22,–£–∫—Ä–∞–∏–Ω–∞,2
0,349993337.0,2081980.0,"–î–µ–π—Å—Ç–≤–∏—Ç–µ–ª—å–Ω–æ, –¥–∞–≤–∞–π—Ç–µ –∑–∞–∫–∞–Ω—á–∏–≤–∞–π—Ç–µ —ç—Ç–æ –≤—ã–ª–∏–≤–∞–Ω–∏–µ –≥—Ä—è–∑–∏ –Ω–∞ –¥—Ä—É–≥ –¥—Ä—É–≥–∞. –ì–æ–≤–æ—Ä—é –∫–∞–∫ –≥—Ä–∞–∂–¥–∞–Ω–∞–º –†–æ—Å—Å–∏–∏ —Ç–∞–∫ –∏ –≥—Ä–∞–∂–¥–∞–Ω–∞–º –£–∫—Ä–∞–∏–Ω—ã. –ù–∞—Å —Å—Ç–æ–ª–∫–Ω—É–ª–∏, –∞ –º—ã –∏ –ø–æ–≤–µ–ª–∏—Å—å. –ö–∞–∫ –∫—É–∫–ª—ã-–º–∞—Ä–∏–æ–Ω–µ—Ç–∫–∏ –∫–∞–∫–∏–µ-—Ç–æ. –°–∞–º —è —Å –£–∫—Ä–∞–∏–Ω—ã. –ü–æ—ç—Ç–æ–º—É –∫–∞–∫ –≥–æ–≤–æ—Ä–∏–ª –∫–æ—Ç –õ–µ–æ–ø–æ–ª—å–¥: ""–†–µ–±—è—Ç–∞, –¥–∞–≤–∞–π—Ç–µ –∂–∏—Ç—å –¥—Ä—É–∂–Ω–æ""",—Å –£–∫—Ä–∞–∏–Ω—ã,–°–µ–º–µ–Ω–æ–≤–∫–∞,20,–£–∫—Ä–∞–∏–Ω–∞,2
0,350852339.0,1922410.0,"[id188837975|Vika], –Ω—É —Ö–æ—Ä–æ—à–æ, –µ—Å—Ç—å —Ç–∞–∫–∏–µ –ª—é–¥–∏ —Å –£–∫—Ä–∞–∏–Ω—ã –∫–æ—Ç–æ—Ä—ã–µ –≥–æ–≤–æ—Ä–∏–ª–∏ –≥–∞–¥–æ—Å—Ç–∏. –ù–æ –Ω–µ —Ç–∞–∫ –∫–∞–∫ –≤—ãüòÅ",—Å –£–∫—Ä–∞–∏–Ω—ã,–ö—Ä–∏–≤–æ–π –†–æ–≥,None,–£–∫—Ä–∞–∏–Ω–∞,1
0,355112518.0,2369001.0,"[id89219038|–ê–Ω–∂–µ–ª–∏–∫–∞], —Å—Ñ–æ—Ç–æ–≥—Ä–∞—Ñ–∏—Ä–æ–≤–∞–Ω–∞ –∏ —Å–Ω—è—Ç–∞.–ê —Ç—ã –¥—É–º–∞–µ—à—å –ø–æ—á–µ–º—É –ü—É—Ç–∏–Ω –∑–∞—Å–µ–∫—Ä–µ—Ç–∏–ª –∏–Ω—Ñ–æ—Ä–º–∞—Ü–∏—é –æ –ø–æ—Ç–µ—Ä—è—Ö —Å–æ–ª–¥–∞—Ç –≤ –º–∏—Ä–Ω–æ–µ –≤—Ä–µ–º—è, –∞  –∫—Ä–µ–º–∞—Ç–æ—Ä–∏–∏ —Å –†–æ—Å—Å–∏–∏ –ø—Ä–∏–≤–µ–∑–ª–∏ —à–∞—à–ª—ã–∫–∏ –¥–µ–ª–∞—Ç—å.–ò –∫—Ç–æ –Ω–∞ —Ñ–æ—Ç–∫–µ,–∫–æ—Ç–æ—Ä—É—é —è —Ç–µ–±–µ —Å–∫–∏–Ω—É–ª? –ù–∞—Å—á–µ—Ç –ö—Ä—ã–º–∞,—Ç—ã –ø–æ–±–æ–ª—å—à–µ —Ç—Ä—É–ø–æ–≤ —Ö–æ—á–µ—à—å? –ü–æ–ª—è–∂–µ—Ç –Ω–µ –æ–¥–∏–Ω –¥–µ—Å—è—Ç–æ–∫ —Ç—ã—Å—è—á.",—Å –†–æ—Å—Å–∏–∏,None,None,–£–∫—Ä–∞–∏–Ω–∞,2
0,35724305.0,7485140.0,"[id305360773|–í–∞–ª–µ—Ä–∞], –î–∞ —è –≤–æ–æ–±—â–µ —Å –£–∫—Ä–∞–∏–Ω—ã, –º–Ω–µ —Ç–æ –ø–æ—Ñ–∏–≥—É)",—Å –£–∫—Ä–∞–∏–Ω—ã,–ú–∞—Ä–∏—É–ø–æ–ª—å,21,–£–∫—Ä–∞–∏–Ω–∞,2
0,358840396.0,17690154.0,"[id36655009|–ï–ª–∏—Å–µ–π], —ç—Ç–æ –∑–Ω–∞—á–µ–Ω–∏–µ –Ω–µ –∏–º–µ–µ—Ç —Å –º–æ—Å–∫–≤—ã —è –∏–ª–∏ –Ω–µ—Ç, —è —Å –ª—é–±–æ–π —Ç–æ—á–∫–∏ –º–æ–≥—É —Ç–µ–±—è –Ω–∞–∑–≤–∞—Ç—å —Ç—É–ø–æ—Ä—ã–ª—ã–º —Å–µ–ª—è–Ω–∏–Ω–æ–º —Ç.–∫. —Ç–∞–∫–æ–≤—ã–º —Ç—ã –∏ —è–≤–ª—è–µ—à—å—Å—è. —Ä–µ–≤–æ–ª—é—Ü–∏–æ–Ω–µ—Ä —Ö—É–µ–≤.",—Å –º–æ—Å–∫–≤—ã,–î–æ–Ω–µ—Ü–∫,None,–£–∫—Ä–∞–∏–Ω–∞,2
0,359814851.0,18104283.0,"[id27672106|–î–∂–µ—Ñ—Ñ], —Ç–∞ —è –¥–∞–∂–µ –Ω–µ —Å –†–æ—Å—Å–∏–∏) –•–∞—Ä—å–∫–æ–≤)",—Å –†–æ—Å—Å–∏–∏,–•–∞—Ä—å–∫–æ–≤,None,–£–∫—Ä–∞–∏–Ω–∞,1
0,364007825.0,2114849.0,"[id46354368|–õ–∏–Ω–∞], —Ç–æ—á–Ω–æ... —ç—Ç–æ —Å –ö—Ä—ã–º–∞...–∑–Ω–∞—á–∏—Ç –±–∏–ª—é—Ç–µ–Ω—å –Ø–∑–≤—ã.",—Å –ö—Ä—ã–º–∞,None,None,–£–∫—Ä–∞–∏–Ω–∞,2
0,366266821.0,2175518.0,"[id13517531|–ú–∞–∫—Å–∏–º], —Ö–æ—Ç—å —è –∏ —Å –£–∫—Ä–∞–∏–Ω—ã, –Ω–æ –∞–±—Å–æ–ª—é—Ç–Ω–æ —Å –í–∞–º–∏ —Å–æ–≥–ª–∞—Å–µ–Ω.",—Å –£–∫—Ä–∞–∏–Ω—ã,–û–¥–µ—Å—Å–∞,None,–£–∫—Ä–∞–∏–Ω–∞,2
0,37362895.0,1609093.0,"[id52403308|–í–∏—Ç–∞–ª–∏–π], —è —Å –£–∫—Ä–∞–∏–Ω—ã, –¥–ª—è –º–µ–Ω—è –≤—ã—Å—Ç—É–ø–ª–µ–Ω–∏–µ –ü–æ–ª–∏–Ω—ã - –ª—É—á—à–µ–µ... –ò –µ—Å–ª–∏ –± –Ω–µ –≥–æ–ª–æ—Å–æ–≤–∞–Ω–∏—è —Å—É–¥–¥–µ–π –∏–∑ –Ω–µ–∫–æ—Ç–æ—Ä—ã—Ö —Å—Ç—Ä–∞–Ω (–Ω–∞–ø—Ä–∏–º–µ—Ä, –∏–∑-–∑–∞ —Å—É–¥–¥–µ–π –õ–∏—Ç–≤—ã –†–æ—Å—Å–∏—è –Ω–µ –ø–æ–ª—É—á–∏–ª–∞ –Ω–∏ –æ–¥–Ω–æ–≥–æ –±–∞–ª–ª–∞, —Ö–æ—Ç—è —Ç–µ–ª–µ–∑—Ä–∏—Ç–µ–ª–∏ –ø–æ—Å—Ç–∞–≤–∏–ª–∏ –µ—ë –Ω–∞ 3 –º–µ—Å—Ç–æ, –∞ –®–≤–µ—Ü–∏—é –Ω–∞ 4), —Ç–æ —Å—á–∏—Ç–∞—é, —á—Ç–æ –ü–æ–ª–∏–Ω–∞ –ø–æ–±–µ–¥–∏–ª–∞ –±—ã",—Å –£–∫—Ä–∞–∏–Ω—ã,–ö–∏–µ–≤,None,–£–∫—Ä–∞–∏–Ω–∞,2
0,381349881.0,17828481.0,"[id447736494|–ê–Ω—Ç–æ–Ω], ""–Ω–µ –ø–∏–∑–¥–∏""... –í–∞—Ö–∞—Ö–∞....–≤–µ–ª–∏–∫–∏–π —Ä–æ—Å—Å–∏–π—Å–∫–∏–π –¥–∏–∞–ª–µ–∫—Ç. –ö—É–ª—å—Ç—É—Ä–∞ –∞–∂ –ø—Ä—ë—Ç. –í—ã –Ω–µ —Å –ü–∏—Ç–µ—Ä–∞ —Å–ª—É—á–∞–π–Ω–æ??))",—Å –ü–∏—Ç–µ—Ä–∞,–ö—Ä–∏–≤–æ–π –†–æ–≥,None,–£–∫—Ä–∞–∏–Ω–∞,2
0,38273873.0,2319757.0,–Ω–∞ –ê–ª–µ–∫—Å–µ–µ–≤–∞ –ø–æ—Ö–æ–∂)))) –º–∞–ª—å—á–∏–∫ —Å –ë–æ–ª–≥–∞—Ä–∏–∏,—Å –ë–æ–ª–≥–∞—Ä–∏–∏,–ö–∏–µ–≤,25,–£–∫—Ä–∞–∏–Ω–∞,1
0,384663247.0,2142827.0,"[id168399377|–í–ª–∞–¥–∏—Å–ª–∞–≤], –≤–º–µ—Å—Ç–æ —Ö–∞–º—Å—Ç–≤–∞ —Å—Å—ã–ª–æ—á–∫—É –ø–æ—á–∏—Ç–∞–π—Ç–µ. –ê —Ç–æ —Å—Ç—ã–¥–Ω–æ, —è —Å –†–æ—Å—Å–∏–∏, –∞ –æ–± –æ—Ç–±—Ä—Ä–∞—Ö –∏–Ω—Ñ–æ—Ä–º–∞—Ü–∏—é —á—É—Ç—å –ª–∏ –Ω–µ –æ–ø–µ—Ä–∞—Ç–∏–≤–Ω–µ–µ –≤–∞—Å –ø–æ–ª—É—á–∞—é ))",—Å –†–æ—Å—Å–∏–∏,–û–¥–µ—Å—Å–∞,None,–£–∫—Ä–∞–∏–Ω–∞,1
0,40053072.0,1878345.0,"–î–µ–≤–æ—á–∫–∞ —Å –ê–≤—Å—Ç—Ä–∏–∏ –æ—á–µ–Ω—å –º–∏–ª–∞—è –±—ã–ª–∞, –Ω–∞–ø–æ–º–Ω–∏–ª–∞ –¢–µ–π–ª–æ—Ä –°–≤–∏—Ñ—Ç –∏–ª–∏ –≠–º–∏–ª–∏ –¥–µ –§–æ—Ä–µ—Å—Ç",—Å –ê–≤—Å—Ç—Ä–∏–∏,–ö–∏–µ–≤,None,–£–∫—Ä–∞–∏–Ω–∞,1
0,402721255.0,2313264.0,"[id96841145|–ê–¥—Ä–∏–∞–Ω–∞], –º–Ω–µ –∏–Ω—Ç–µ—Ä–µ—Å–Ω–æ —Å —á–µ–≥–æ –≤—ã —Å–¥–µ–ª–∞–ª–∏ –≤—ã–≤–æ–¥ —á—Ç–æ –æ–Ω –∑–∞–¥–Ω–µ–ø—Ä–∏–≤–æ–¥–Ω—ã–π?
–û–Ω —á—Ç–æ,–≤—ã—à–µ–ª –≤ –ø–ª–∞—Ç—å–µ ,—Å –∫–æ—Å–æ–π,–∫–∞–∫ —Å –ß–µ—Ä–Ω–æ–≥–æ—Ä–∏–∏?
–ü–æ—á–µ–º—É –µ—Å–ª–∏ —á–µ–ª–æ–≤–µ–∫ –∏–º–µ–µ—Ç –∫—Ä–∞—Å–∏–≤—É—é –≤–Ω–µ—à–Ω–æ—Å—Ç—å –æ–Ω —Å—Ä–∞–∑—É –∑–∞–¥–Ω–µ–ø—Ä–∏–≤–æ–¥–Ω—ã–π?
–ù–µ —Ä–∞–∑–¥–µ–ª—è—é –≤–∞—à–µ –º–Ω–µ–Ω–∏–µ –≤–æ–æ–±—â–µ",—Å –ß–µ—Ä–Ω–æ–≥–æ—Ä–∏–∏,–ü–æ–ª—Ç–∞–≤–∞,None,–£–∫—Ä–∞–∏–Ω–∞,1
0,408372674.0,2271694.0,–ü–æ–Ω—Ä–∞–≤–∏–ª–∞—Å—å –ê–Ω—è —Å –î–∞–Ω–∏–∏. –û—á–µ–Ω—å –∫—Ä–∞—Å–∏–≤–∞—è –¥–µ–≤—É—à–∫–∞) –¢–∞–∫–∂–µ —É –ø—Ä–µ–¥—Å—Ç–∞–≤–∏—Ç–µ–ª—å–Ω–∏—Ü—ã –ë–µ–ª–æ—Ä—É—Å—Å–∏–∏ —à–∏–∫–∞—Ä–Ω—ã–π –Ω–∞—Ä—è–¥. –•–æ—Ä–≤–∞—Ç –æ–±–æ—è—à–∫–∞üòè,—Å –î–∞–Ω–∏–∏,None,None,–£–∫—Ä–∞–∏–Ω–∞,1
0,41642128.0,17975655.0,"[id139421679|–ê–ª–µ–∫—Å–∞–Ω–¥—Ä], —Ç—ã —Ç–∞–∫–æ–π –∞–≥—Ä–µ—Å—Å–∏–≤–Ω—ã–π, –ø–æ—Ç–æ–º—É —á—Ç–æ —Ç—ã —Å –†–æ—Å—Å–∏–∏ –∏ —É —Ç–µ–±—è –≤—Å—ë —Ç–∞–∫ –ø–ª–æ—Ö–æ? :)",—Å –†–æ—Å—Å–∏–∏,–û–¥–µ—Å—Å–∞,None,–£–∫—Ä–∞–∏–Ω–∞,2
0,41661980.0,2157152.0,"[id199039791|–ò—Ä–∏–Ω–∞], –£–ª—å—Ä–∏–∫–∫–µ —Å –ù–æ—Ä–≤–µ–≥–∏–∏..—á—Ç–æ-—Ç–æ –Ω–æ–≤–µ–Ω—å–∫–æ–µ.",—Å –ù–æ—Ä–≤–µ–≥–∏–∏,–®–∞—Ö—Ç–µ—Ä—Å–∫,22,–£–∫—Ä–∞–∏–Ω–∞,2
0,424510470.0,2340655.0,–ß—Ç–æ –∑–∞ –≥–æ–ª–æ—Å–∞ —É –ø–∞—Ü–∞–Ω–æ–≤ —Å –ù–æ—Ä–≤–µ–≥–∏–∏üòÇüòÇüòÇ,—Å –ù–æ—Ä–≤–µ–≥–∏–∏,–ë–∞—Ö–º—É—Ç / –ê—Ä—Ç—ë–º–æ–≤—Å–∫,None,–£–∫—Ä–∞–∏–Ω–∞,1
0,4637134.0,344617.0,"[id5645729|–ê–ª–µ–∫—Å–∞–Ω–¥—Ä], –µ—Å–ª–∏ –∏–º–µ–Ω–Ω–æ —Å –∫—Ä—ã–º–∞ –∑–∞–µ–∑–∂–∞–µ—à—å, —Ç–æ –Ω–µ –ø—É—Å–∫–∞—é—Ç",—Å –∫—Ä—ã–º–∞,None,None,–£–∫—Ä–∞–∏–Ω–∞,1
0,4720256.0,2042564.0,–Ø —Ö–æ—Ç—å —Å–∞–º —Å –£–∫—Ä–∞–∏–Ω—ã –Ω–æ –æ–Ω–∞ –∫–æ–Ω—á–µ–Ω–∞—è —ç—Ç–∞ –î–∂–∞–º–∞–ª–∞,—Å –£–∫—Ä–∞–∏–Ω—ã,–í–∏–Ω–Ω–∏—Ü–∞,29,–£–∫—Ä–∞–∏–Ω–∞,2
0,47389598.0,2226129.0,"Loreen - —ç–π—Ñ–æ—Ä–∏—è)) –µ–¥–∏–Ω—Å—Ç–≤–µ–Ω–Ω—ã–π —Ä–∞–∑, –∫–æ–≥–¥–∞ —É–≥–∞–¥–∞–ª–∞ –ø–æ–±–µ–¥–∏—Ç–µ–ª—è)

–ò —É –ù–∏–Ω—ã –°—É–±–ª–∞—Ç—Ç–∏ —Å –ì—Ä—É–∑–∏–∏ –∫—Ä—É—Ç–∞—è –ø–µ—Å–Ω—è –±—ã–ª–∞)",—Å –ì—Ä—É–∑–∏–∏,–ó–∞–ø–æ—Ä–æ–∂—å–µ,23,–£–∫—Ä–∞–∏–Ω–∞,1
0,48341319.0,2309108.0,–ö–∞–∫–æ–≥–æ –º–æ–ª–æ–∫–æ—Å–æ—Å —Å –ú–æ—Å–∫–≤—ã –¥–µ–ª–∞–µ—Ç —É —Ñ–∏–Ω–∞–ª–µ,—Å –ú–æ—Å–∫–≤—ã,–ò–≤–∞–Ω–æ-–§—Ä–∞–Ω–∫–æ–≤—Å–∫,25,–£–∫—Ä–∞–∏–Ω–∞,2
0,49843223.0,2083547.0,"[id191972690|Inna], –∞ —è –∏ –Ω–µ –≥–æ–≤–æ—Ä—é, —á—Ç–æ –Ω–∞ –ï–≤—Ä–æ–≤–∏–¥–µ–Ω–∏–∏ –≤—ã—Å—Ç—É–ø–∞–ª–∏ –æ–¥–Ω–∏ –ª–µ–≥–µ–Ω–¥—ã. –í–æ–æ–±—â–µ –Ω–∞ –ï–≤—Ä–æ–≤–∏–¥–µ–Ω–∏–∏ –º–Ω–æ–≥–æ –Ω–∏–∫–∞–∫–∏—Ö –ø–µ—Å–µ–Ω. 
–õ–∞–∑–∞—Ä–µ–≤ - —Ö–æ—Ä–æ—à–∏–π –ø–æ–ø –ø–µ–≤–µ—Ü. –î–∂–∞–º–∞–ª–∞ - —É–Ω–∏–∫–∞–ª—å–Ω—ã–π –∏—Å–ø–æ–ª–Ω–∏—Ç–µ–ª—å, —É—Ä–æ–≤–µ–Ω—å –∫–æ—Ç–æ—Ä–æ–≥–æ —è–≤–Ω–æ –≥–æ—Ä–∞–∑–¥–æ –≤—ã—à–µ –æ—Å—Ç–∞–ª—å–Ω—ã—Ö —É—á–∞—Å—Ç–Ω–∏–∫–æ–≤. –ü—Ä–æ—Ç—Ä–∏ –≥–ª–∞–∑–∞, –∑–∞–±—É–¥—å –≤—Å–µ, —á—Ç–æ —Ç–µ–±–µ –Ω–∞–≤—è–∑–ª–∏ –∏ –∑–∞–±—É–¥—å, —á—Ç–æ –î–∂–∞–º–∞–ª–∞ —Å –£–∫—Ä–∞–∏–Ω—ã –∏ –ø–æ—Å–º–æ—Ç—Ä–∏ –µ—ë –≤—ã—Å—Ç—É–ø–ª–µ–Ω–∏–µ –µ—â—ë —Ä–∞–∑. –ú—É—Ä–∞—à–∫–∏ –ø–æ –∫–æ–∂–µ... 
–ù–æ –µ—Å–ª–∏ —Ç–≤–æ–π –º—É–∑—ã–∫–∞–ª—å–Ω—ã–π –≤–∫—É—Å –∑–∞–∫–∞–Ω—á–∏–≤–∞–µ—Ç—Å—è –Ω–∞ –¥–µ—à–µ–≤–æ–π —Ä–æ—Å—Å–∏–π—Å–∫–æ–π –ø–æ–ø—Å–µ, —Ç–æ –Ω–µ –æ —á–µ–º –∏ –≥–æ–≤–æ—Ä–∏—Ç—å.",—Å –£–∫—Ä–∞–∏–Ω—ã,–ö–∏–µ–≤,None,–£–∫—Ä–∞–∏–Ω–∞,2
0,5025312.0,354612.0,"–Ω–∞ –ö–∏–ø—Ä–µ –ø–æ—á—Ç–∏ –Ω–µ—Ç –º–µ—Å—Ç–Ω—ã—Ö –æ–≤–æ—â–µ–π, —Ñ—Ä—É–∫—Ç–æ–≤. –æ–Ω–∏ –ø—Ä–∏–≤–æ–∑–Ω—ã–µ —Å –ì—Ä–µ—Ü–∏–∏",—Å –ì—Ä–µ—Ü–∏–∏,–ö–∏–µ–≤,32,–£–∫—Ä–∞–∏–Ω–∞,1
0,50352703.0,2321702.0,"–ñ–∏–≤—É –≤ –î–∞–Ω–∏–∏ –∏ –±—É–¥—É —Å–º–æ—Ç—Ä–µ—Ç—å —Å –ø–æ–¥—Ä—É–≥–∞–º–∏ —Ö–æ—Ä–≤–∞—Ç–∫–∞–º–∏,–∞ —Å–∞–º–∞ —Å –£–∫—Ä–∞–∏–Ω—ã,–¥–∞–∂–µ –Ω–µ –∑–Ω–∞—é –∑–∞ –∫–æ–≥–æ –±–æ–ª–µ—Ç—å)",—Å –£–∫—Ä–∞–∏–Ω—ã,–í–∞—Å–∏–ª—å–∫–æ–≤,None,–£–∫—Ä–∞–∏–Ω–∞,1
0,50870907.0,2352021.0,"–Ø —Ç–æ–∂–µ —Å –£–∫—Ä–∞–∏–Ω—ã —Å–º–æ—Ç—Ä–µ–ª–∞ –Ω–∞ –ø–µ—Ä–≤–æ–º –Ω–∞—Ü–∏–æ–Ω–∞–ª—å–Ω–æ–º –∏ –∫–∞–∫ —á–µ–ª–æ–≤–µ–∫ —Å–≤—è–∑–∞–Ω–Ω—ã–π —Å —ç—Ç–æ–π —Å—Ñ–µ—Ä–æ–π –≤–∏–¥–µ–ª–∞ –æ—á–µ–Ω—å –º–Ω–æ–≥–æ –æ—à–∏–±–æ–∫, –¥–∞ –∏ –∑—Ä–∏—Ç–µ–ª—è–º –∫—Ç–æ –≤–Ω–∏–º–∞—Ç–µ–ª—å–Ω–æ —Å–ª–µ–¥–∏–ª –±—ã–ª–æ –≤–∏–¥–Ω–æ. –î–∞–∂–µ —ç–ø–∏–∑–æ–¥ —Å –≤—ã–±–µ–∂–∞–≤—à–µ–º –º—É–∂—á–∏–Ω–æ–π –ø—Ä–∏ —Ö–æ—Ä–æ—à–µ–π –ø–æ–¥–≥–æ—Ç–æ–≤–∫–µ –Ω–µ –¥–æ–ª–∂–µ–Ω –±—ã–ª –±—ã—Ç—å –∞–ø—Ä–∏–æ—Ä–∏",—Å –£–∫—Ä–∞–∏–Ω—ã,–•–∞—Ä—å–∫–æ–≤,31,–£–∫—Ä–∞–∏–Ω–∞,1
0,51894557.0,1939991.0,"[id305848459|–ú–∞—Ä–∏—è], —Å–æ–≥–ª–∞—Å–µ–Ω, —Ö–æ—Ç—å —Å–∞–º —Å –£–∫—Ä–∞–∏–Ω—ã, –Ω–æ ""–î–∂–∞–∂–∞"" –Ω–µ –¥–æ—Å—Ç–æ–π–Ω–∞ –¥–ª—è Eurovision",—Å –£–∫—Ä–∞–∏–Ω—ã,–õ—É–±–Ω—ã,29,–£–∫—Ä–∞–∏–Ω–∞,2
0,52108262.0,1801451.0,"[id346468783|–†—É—Å—Ç–∞–º], —Å–æ—Ü. —Å–µ—Ç—å –º–µ–∂–¥—É–Ω–∞—Ä–æ–¥–Ω–∞—è, –∏–Ω–∞—á–µ –±—ã–ª–∞ –±—ã –¥–æ—Å—Ç—É–ø–Ω–∞ —Ç–æ–ª—å–∫–æ –≤ –†–æ—Å—Å–∏–∏. –¢–æ—Ç —Ñ–∞–∫—Ç, —á—Ç–æ —Å–æ–∑–¥–∞—Ç–µ–ª—å —Ä—É—Å—Å–∫–∏–π –Ω–∏ –æ —á–µ–º –Ω–µ –≥–æ–≤–æ—Ä–∏—Ç. –ö —Å–ª–æ–≤—É —Ç–∞–º —Ä–∞–±–æ—Ç–∞—é—Ç –º–Ω–æ–≥–æ —Å–ø–µ—Ü–∏–∞–ª–∏—Å—Ç–æ–≤ —Å –£–∫—Ä–∞–∏–Ω—ã –∏ –¥—Ä—É–≥–∏—Ö —Å—Ç—Ä–∞–Ω. 
–Ø —Ç–æ–∂–µ –º–æ–≥—É –º–Ω–æ–≥–æ —Ñ–∞–∫—Ç–æ–≤ –ø—Ä–µ–¥–æ—Å—Ç–∞–≤–∏—Ç—å, –∏ –Ω–µ –≥–æ–≤–æ—Ä—é —á—Ç–æ –≤–∞—à–∏–º —Ñ–∞–∫—Ç–∞–º –Ω–µ –≤–µ—Ä—é, –µ—Å—Ç—å –∏ –ø—Ä–∞–≤–¥–∞. –ù–û... –≤—ã –Ω–µ –∑–∞–±—ã–≤–∞–π—Ç–µ –∏ —Å–≤–æ—é –ø—Ä–∞–≤–¥—É —Å–º–æ—Ç—Ä–µ—Ç—å. –•–æ—Ä–æ—à–µ–µ –≤—Å–µ–≥–¥–∞ –≤–∏–¥–Ω–æ, –∞ –æ –ø–ª–æ—Ö–æ–º –º–æ–ª—á–∏–º, –≤–µ—Ä–Ω–æ?",—Å –£–∫—Ä–∞–∏–Ω—ã,–ù–∏–∫–æ–ª–∞–µ–≤,None,–£–∫—Ä–∞–∏–Ω–∞,2
0,52858769.0,1895042.0,"[id144731018|–û–ª–µ—Å—è], –Ω–∞–≤–µ—Ä–Ω–æ–µ —è —Å –ò—Ä–ª–∞–Ω–¥–∏–∏",—Å –ò—Ä–ª–∞–Ω–¥–∏–∏,None,21,–£–∫—Ä–∞–∏–Ω–∞,1
0,54795487.0,2244907.0,"[id122943424|–õ—é–¥–º–∏–ª–∞], –Ω—É—É—É –∏ –≤—Å–µ —á—Ç–æ –Ω–µ–æ–±—Ö–æ–¥–∏–º–æ.... –ù–∏–∫–æ–º—É –Ω–µ —Å–µ–∫—Ä–µ—Ç, —á—Ç–æ –æ–±–æ—Ä—É–¥–æ–≤–∞–Ω–∏–µ –¥–ª—è —Å—Ü–µ–Ω—ã –ø—Ä–∏–≤–µ–∑–µ–Ω–æ —Å —Ä–∞–∑–Ω—ã—Ö —á–∞—Å—Ç–µ–π –ï–≤—Ä–æ–ø—ã, —á—Ç–æ-—Ç–æ —Å –£–∫—Ä–∞–∏–Ω—ã... –í–ø–æ–ª–Ω–µ –Ω–æ—Ä–º–∞–ª—å–Ω–∞—è –ø—Ä–∞–∫—Ç–∏–∫–∞))",—Å –£–∫—Ä–∞–∏–Ω—ã,–ö–∏–µ–≤,None,–£–∫—Ä–∞–∏–Ω–∞,2
0,5518719.0,1611913.0,"[id143153523|–°–∞–º–≤–µ–ª], –≤—ã —Ö–æ—Ç–∏—Ç–µ —Å–∫–∞–∑–∞—Ç—å, —á—Ç–æ –∫–∞–∂–¥—ã–π –≥–æ–¥ –ø–æ–±–µ–¥–∏—Ç–µ–ª—å –∑–∞—Å–ª—É–∂–µ–Ω–Ω—ã–π? –í—Å–ø–æ–º–Ω–∏—Ç—å —Ç—É –∂–µ –õ–µ–Ω—É —Å –ì–µ—Ä–º–∞–Ω–∏–∏  üôà",—Å –ì–µ—Ä–º–∞–Ω–∏–∏,–£–∂–≥–æ—Ä–æ–¥,None,–£–∫—Ä–∞–∏–Ω–∞,1
0,55207435.0,2302250.0,–ù–∞—à–∏ —Å–æ—Å–µ–¥–∏üòÅ–ø—Ä–∏–≤–µ—Ç —Å –ö–∏–µ–≤–∞,—Å –ö–∏–µ–≤–∞,–ö–∏–µ–≤,29,–£–∫—Ä–∞–∏–Ω–∞,2
0,55490912.0,1804392.0,–ü—Ä–∏–∫–æ–ª—å–Ω–æ –≥–ª–∞–∑–∞ –∑–∞–∫–∞—Ç—ã–≤–∞–µ—Ç)) –∫ —Å–æ–∂–∞–ª–µ–Ω–∏—é-–Ω–µ –ø–µ—Å–Ω—è –ø–æ–±–µ–¥–∏—Ç–µ–ª—å... —Å—Ç–∞–≤–ª—é –Ω–∞ –£–∫—Ä–∞–∏–Ω—É –∏–ª–∏ –†–æ—Å—Å–∏—é...–Ω–æ –±–æ–ª—å—à–µ —Å–∫–ª–æ–Ω—è—é—Å—å –≤ —Å—Ç–æ—Ä–æ–Ω—É –î–∂–∞–º–∞–ª—ã —Å –£–∫—Ä–∞–∏–Ω—ã,—Å –£–∫—Ä–∞–∏–Ω—ã,–ó–∞–ø–æ—Ä–æ–∂—å–µ,None,–£–∫—Ä–∞–∏–Ω–∞,2
0,56022359.0,2345881.0,"–£–∫—Ä–∞–∏–Ω–∞ –≤ –∂–æ–ø–µ, —Ö–æ—Ç—è –º–ø–µ—Å–Ω—è –Ω–æ—Ä–º, –∑–∞—Ç–æ –ø–æ–Ω–æ—Å —Å –ü–æ—Ä—Ç—É–≥–∞–ª–∏–∏ –≤—Å–µ–º –Ω—Ä–∞–≤",—Å –ü–æ—Ä—Ç—É–≥–∞–ª–∏–∏,None,None,–£–∫—Ä–∞–∏–Ω–∞,1
0,58929896.0,1629698.0,"–¢–æ–ø 5 ))))
1. –£–∫—Ä–∞–∏–Ω–∞ (–ù–µ –∏–∑-–∑–∞ —Ç–æ–≥–æ —á—Ç–æ —è —Å –ö–∏–µ–≤–∞) –ü–µ—Å–Ω—è –æ—Ç–ª–∏—á–Ω–∞—è –º–Ω–µ –Ω—Ä–∞–≤–∫–∏ —Å–∏–ª—å–Ω–æ
2. –ù–∏–¥–µ—Ä–ª–∞–Ω–¥—ã –ü–µ—Å–Ω—è –Ω—Ä–∞–≤–∫–∏ –¥—É–º–∞—é –±—É–¥–µ—Ç –≤ —Ç–æ–ø 5
3. –ë–µ–ª–∞—Ä—É—Å—å –ü–µ—Å–µ–Ω–∫–∞ –ø—Ä–∞—Å—Ç–∞ —Ö–∞—Ä–∞—à–∞)
4. –†–æ—Å—Å–∏—è (–Ω–µ –∏–∑-–∑–∞ –ø–æ–ª–∏—Ç–∏–∫–∏) –ø–µ—Å–Ω—è —Ç–∞–∫ —Å–µ–±–µ –Ω–æ –¥—É–º–∞—é —Ç–æ–ø 7-10
5. –ê–ª–±–∞–Ω–∏—è —Ç—É—Ç —Ö—É–∂–µ –±—É–¥–µ—Ç –∏ –±—É–¥–µ—Ç –∑–∞–Ω–∏–º–∞—Ç—å 1 –º–µ—Å—Ç–∞ —Å –∫–æ–Ω—Ü–∞",—Å –ö–∏–µ–≤–∞,–ö–∏–µ–≤,None,–£–∫—Ä–∞–∏–Ω–∞,2
0,60104013.0,1990307.0,"[id45910761|–î–µ–Ω–∏—Å], —Å–∞–º–∞ —Å –£–∫—Ä–∞–∏–Ω—ã, –ø—Ä–æ–≥–æ–ª–æ—Å—É—é –∑–∞ –í–µ–Ω–≥—Ä–∏—é –∏ –†–æ—Å—Å–∏—é. –ó–∞ –Ω–∞—à—É –Ω–µ–ª—å–∑—è (",—Å –£–∫—Ä–∞–∏–Ω—ã,–ö–∏–µ–≤,None,–£–∫—Ä–∞–∏–Ω–∞,1
0,6023521.0,2031853.0,–ù–µ –ø—Ä–∏—Ö–æ–¥—è—Ç –æ—Ç–≤–µ—Ç–∫–∏ —Å –£–∫—Ä–∞–∏–Ω—ã,—Å –£–∫—Ä–∞–∏–Ω—ã,–•–∞—Ä—å–∫–æ–≤,27,–£–∫—Ä–∞–∏–Ω–∞,2
0,63427488.0,2568931.0,–£–≤–æ–∂–µ–Ω–∏–µ. –° –ö–∏–µ–≤–∞.—Ç—ã –ª—É—á—à–∏–πüëçüòé,–° –ö–∏–µ–≤–∞,–ö–∏–µ–≤,25,–£–∫—Ä–∞–∏–Ω–∞,2
0,64959207.0,24516.0,"–¢–æ —á—É–≤—Å—Ç–≤–æ ,–∫–æ–≥–¥–∞ —Ç—ã —Å –£–∫—Ä–∞–∏–Ω—ã üò≠",—Å –£–∫—Ä–∞–∏–Ω—ã,None,21,–£–∫—Ä–∞–∏–Ω–∞,2
0,6525505.0,2290531.0,"[id16936263|–ö–∏—Ä–∏–ª–ª], –°–æ–≥–ª–∞—Å–Ω–∞, —Ä–µ–±—è—Ç–∞ —Å –ú–æ–ª–¥–∞–≤–∏–∏ –º–æ–ª–æ–¥—Ü—ã, –æ–Ω–∏ –µ–¥–∏–Ω—Å—Ç–≤–µ–Ω–Ω—ã–µ –≤—ã—Å—Ç—É–ø–ª–µ–Ω–∏–µ –∫–æ—Ç–æ—Ä—ã—Ö –º–Ω–µ –∑–∞–ø–æ–º–Ω–∏–ª–æ—Å—å, —É–≤–µ—Ä–µ–Ω–∞ –ø–µ—Å–Ω—è —ç—Ç–∞ –±—É–¥–µ—Ç —Ö–∏—Ç–æ–º.",—Å –ú–æ–ª–¥–∞–≤–∏–∏,–û–¥–µ—Å—Å–∞,None,–£–∫—Ä–∞–∏–Ω–∞,1
0,65557853.0,2336581.0,–õ—É—á—à–µ –± —Å –£–∫—Ä–∞–∏–Ω—ã –ø–æ—à–ª–∏ –ì—Ä–∏–±—ã —Å –ø–µ—Å–Ω–µ–π –¢–∞–µ—Ç –õ–µ–¥,—Å –£–∫—Ä–∞–∏–Ω—ã,–£–∂–≥–æ—Ä–æ–¥,26,–£–∫—Ä–∞–∏–Ω–∞,2
0,66342210.0,1605269.0,"–ò –≤–æ–æ–±—â–µ –∑–∞–¥–æ–ª–±–∞–ª–∏ —Ç–µ,–∫—Ç–æ –ø–∏—à—É—Ç,–æ–π —Ç—ã –∂–µ —Å –£–∫—Ä–∞–∏–Ω—ã –∏ –±–ª–∞-–±–ª–∞-–±–ª–∞,–º—ã —Ç—É—Ç –æ—Å—É–∂–¥–∞–µ–º —É—á–∞—Å—Ç–Ω–∏–∫–æ–≤,–∫–∞–∫ –∑—Ä–∏—Ç–µ–ª–∏,–∞ –Ω–µ –ø–æ–ª–∏—Ç–∏—á–µ—Å–∫–∏–µ –ø—Ä–æ–±–ª–µ–º—ã –≤ –Ω–∞—à–∏—Ö —Å—Ç—Ä–∞–Ω–∞—Ö",—Å –£–∫—Ä–∞–∏–Ω—ã,–ó–∞–ø–æ—Ä–æ–∂—å–µ,26,–£–∫—Ä–∞–∏–Ω–∞,1
0,67388385.0,2598128.0,"—Ç–æ —á—É–≤—Å—Ç–≤–æ , –∫–æ–≥–¥–∞ —Ç—ã —Å –£–∫—Ä–∞–∏–Ω—ã –∏ –Ω–µ –º–æ–∂–µ—à—å —Å–ª—É—à–∞—Ç—å —ç—Ç–∏ —Ç—Ä—ç–∫–∏",—Å –£–∫—Ä–∞–∏–Ω—ã,–•–∞—Ä—å–∫–æ–≤,None,–£–∫—Ä–∞–∏–Ω–∞,2
0,68051807.0,2330675.0,–û—Ä—É —Å —Ä—É–º—ã–Ω–∏–∏,—Å —Ä—É–º—ã–Ω–∏–∏,–°–∏–º—Ñ–µ—Ä–æ–ø–æ–ª—å,23,–£–∫—Ä–∞–∏–Ω–∞,1
0,68552620.0,1895893.0,"[id145039322|–ï–≤–≥–µ–Ω–∏–π], –Ø —Å –£–∫—Ä–∞–∏–Ω—ã, –¥–∞–¥—É—Ç —Ç—É—Ç –õ–∞–∑–∞—Ä–µ–≤—É –±–∞–ª –æ—Ç –∑—Ä–∏—Ç–µ–ª–µ–π. –ö –Ω–µ–º—É —Ç—É—Ç –Ω–µ –ø–ª–æ—Ö–æ –æ—Ç–Ω–æ—Å—è—Ç—Å—è. –ì—Ä–æ–º–∫–∏—Ö –∑–∞—è–≤–ª–µ–Ω–∏–π –ø–æ–ª–∏—Ç–∏—á–µ—Å–∫–∏—Ö –æ–Ω –Ω–µ –¥–µ–ª–∞–ª, –≥–æ–ª–æ–≤–∞ –Ω–∞ –ø–ª–µ—á–∞—Ö –µ—Å—Ç—å. –û –î–∂–∞–º–∞–ª–µ —Ö–æ—Ä–æ—à–æ –æ—Ç–∑—ã–≤–∞–ª—Å—è. –ú–æ–∂ –∑–∞–ø–∞–¥–Ω–∞—è –Ω–µ –±—É–¥–µ—Ç –≥–æ–ª–æ—Å–æ–≤–∞—Ç—å –∏ –æ—Å—Ç–∞–ª—å–Ω–∞—è —á–∞—Å—Ç—å —Ä–∞–¥–∏–∫–∞–ª—å–Ω—ã—Ö –Ω–∞—Ü–∏–æ–Ω–∞–ª–∏—Å—Ç–æ–≤, –Ω–æ –æ—Å—Ç–∞–ª—å–Ω—ã–º, –µ—Å–ª–∏ –ø–æ–Ω—Ä–∞–≤–∏—Ç—Å—è, —Ç–æ –ø—Ä–æ–≥–æ–ª–æ—Å—É—é—Ç. –í –°–ú–ò –õ–∞–∑–∞—Ä–µ–≤–∞ —Ç–æ–∂–µ —Ä–µ–¥–∫–æ –æ—á–µ–Ω—å –æ–±—Å—É–∂–¥–∞—é—Ç –∑–¥–µ—Å—å, –ø–∞—Ä—É —Ä–∞–∑ –≥–æ–≤–æ—Ä–∏–ª–∏, —á—Ç–æ –æ–Ω —Ç–∏–ø–∞ —Ñ–∞–≤–æ—Ä–∏—Ç, –Ω–∞ —ç—Ç–æ–º –≤—Å–µ. –ù–æ –≤—Å–µ —Ç–∞–∫–∏ –ø–æ–ª–∏—Ç–∏—á–µ—Å–∫–∞—è –æ–±—Å—Ç–∞–Ω–æ–≤–∫–∞ —Å–∫–∞–∂–µ—Ç—Å—è. –¢–∞–º –≥–¥–µ –£–∫—Ä–∞–∏–Ω–∞ –∏ –†–æ—Å—Å–∏—è –¥–∞–ª–∞ –±—ã –≤ 2010 –≥–æ–¥—É –¥—Ä—É–≥ –¥—Ä—É–≥—É –º–∏–Ω–∏–º—É–º –ø–æ 10 –±–∞–ª–æ–≤, —Ç–æ —Å–µ–π—á–∞—Å —Ç–∞–∫–æ–≥–æ –Ω–µ –±—É–¥–µ—Ç —Ç–æ—á–Ω–æ. –Ø –≤–æ—Ç –æ—Ç —Å—É–¥–µ–π —Ç–æ–∂–µ –æ–ø–∞—Å–∞—é—Å—å —Å—Ö–≤–∞—Ç–∏—Ç—å –ø–æ –º–∏–Ω–∏–º–∞–ª—å–Ω–æ–º—É –±–∞–ª—É. –ö–æ–≥–¥–∞ –≤—ã—Å—Ç—É–ø–∞–ª–∞ –ó–ª–∞—Ç–∞ –û–≥–Ω–µ–≤–∏—á, —Ç–æ –µ–π –†–æ—Å—Å–∏–π—Å–∫–∏–µ —Å—É–¥—å–∏ –ø–æ—Å—Ç–∞–≤–∏–ª–∏ –º–∏–Ω–∏–º–∞–ª—å–Ω—ã–π –±–∞–ª, –∞ –∏–º–µ–Ω–Ω–æ –∞–∂ 1. –ê —Ç–∞–º –≤ –ø–µ—Å–Ω–µ –≤–æ–æ–±—â–µ –Ω–∞–º–µ–∫–∞ –Ω–µ –±—ã–ª–æ –Ω–∞ –∫–∞–∫—É—é-—Ç–æ –±–æ–ª—å–Ω—É—é —Ç–µ–º—É. –í–æ—Ç —è –∏ –Ω–∞–¥–µ—é—Å—å –Ω–∞ –Ω–æ–≤—É—é —Å–∏—Å—Ç–µ–º—É –≥–æ–ª–æ—Å–æ–≤–∞–Ω–∏—è, —á—Ç–æ —Ç–µ–ø–µ—Ä—å —Å—É–¥—å–∏ —Å—Ç—Ä–∞–Ω –±—É–¥—É—Ç –¥—É–º–∞—Ç—å –ø—Ä–æ —Å–≤–æ—é –±–µ–ª–æ—Å–Ω–µ–∂–Ω—É—é —Ä–µ–ø—É—Ç–∞—Ü–∏—é, –∞ —Å–ª–∏–≤ –∫–æ–≥–æ-—Ç–æ –æ—Ç–æ–π–¥–µ—Ç –Ω–∞ –≤—Ç–æ—Ä–æ–π –ø–ª–∞–Ω.",—Å –£–∫—Ä–∞–∏–Ω—ã,–í–µ—Ä—Ö–Ω–µ–¥–Ω–µ–ø—Ä–æ–≤—Å–∫,None,–£–∫—Ä–∞–∏–Ω–∞,2
0,69974554.0,18090345.0,"[id25211868|–ï–≤–≥–µ–Ω–∏–π], –ù—É —ç—Ç–æ –ª–∏–ø–æ–≤–∞—è, –Ω–µ —Å–æ–æ—Ç–≤–µ—Ç—Å—Ç–≤—É–µ—Ç –¥–µ–π—Å—Ç–≤–∏—Ç–µ–ª—å–Ω–æ—Å—Ç–∏, —Ç–∏–ø–æ –æ–Ω–∞ —Å–∞–º–∞ –Ω–µ —Å –ö—Ä—ã–º–∞ –∞ —Å –†–æ—Å—Ç–æ–≤–∞, –±–ª–∏–Ω –Ω—É —Ç—ã –∂ —Ç–∞–º –∂–∏–≤–µ—à—å –¥–æ–ª–∂–µ–Ω –∑–Ω–∞—Ç—å",—Å –ö—Ä—ã–º–∞,–û–¥–µ—Å—Å–∞,20,–£–∫—Ä–∞–∏–Ω–∞,2
0,71544705.0,2026532.0,"–° —É–∫—Ä–∞–∏–Ω—ã

–û—Ç–¥–∞–ª —Å–≤–æ—é –≥–æ–ª–æ—Å–∏–Ω—É –†–æ—Å—Å–∏–∏ –∏ –ê–∑–µ",–° —É–∫—Ä–∞–∏–Ω—ã,–ö–∏–µ–≤,None,–£–∫—Ä–∞–∏–Ω–∞,2
0,73909899.0,2337792.0,"–†–æ—Å—Å–∏—è –Ω–∞ –ø–∞—Ä–∞–µ–≤—Ä–æ–≤–∏–¥–µ–Ω–∏–∏, –∞ –ø–∞—Ä–µ–Ω—å —Å –ë–æ–ª–≥–∞—Ä–∏–∏))",—Å –ë–æ–ª–≥–∞—Ä–∏–∏,–ö–∏–µ–≤,None,–£–∫—Ä–∞–∏–Ω–∞,2
0,7608541.0,1830324.0,"[id16720758|–°—Ç–∞—Å], –∫–∞–∫–∏—Ö –º–∏–ª–∏–æ–Ω, –±–æ–∂–µ –Ω–µ–∑–∞–≤–∏—Å–∏–º—ã–µ –∞–≥–µ–Ω—Å—Ç–≤–∞ —Ä–∞—Å–ª–µ–¥—ã–≤–∞–ª–∏ + –ø—Ä–∏–Ω–∏–º–∞—è –¥–∞–Ω–Ω—ã–µ —Å –æ–±–µ–µ—Ö —Å—Ç–æ—Ä–æ–Ω, –ø–æ–¥—Ç–≤–µ—Ä–¥–∏–ª–∏ —á—Ç–æ –±—ã–ª —Å–±–∏—Ç –±—É–∫–æ–º —Å –†–æ—Å—Å–∏–∏. –Ø –Ω–µ –≤–µ—Ä—é –Ω–∏ –Ω–∞—à–∏–º —Å–º–∏ –Ω–∏ –≤–∞—à–∏–º, –∞ –≤–µ—Ä—é –≤ –Ω–µ–∑–∞–≤–∏—Å–∏–º—ã–µ –∏—Å—Ç–æ—á–Ω–∏–∫–∏ –∏ –æ—Ä–≥–∞–Ω–∏–∑–∞—Ü–∏–∏ –∫–æ—Ç–æ—Ä—ã–µ —Ä–∞—Å—Å–ª–µ–¥–æ–≤–∞–ª–∏.",—Å –†–æ—Å—Å–∏–∏,–ö–∏–µ–≤,31,–£–∫—Ä–∞–∏–Ω–∞,2
0,78795653.0,1938340.0,"–¢–∞–∫ –¥–æ—Å—Ç–∞–≤–ª—è—é—Ç –¥–∏–≤–∞–Ω–Ω—ã–µ –∞–Ω–∞–ª–∏—Ç–∏–∫–∏ —Å –£–∫—Ä–∞–∏–Ω—ã –∏ –†–æ—Å—Å–∏–∏, –∫–æ—Ç–æ—Ä—ã–µ –ø—Ä–∏–ø–ª–µ—Ç–∞—é—Ç –∫ –ª—é–±–æ–π —Ñ–∏–≥–Ω–µ –ø–æ–ª–∏—Ç–∏–∫—É) –≤—ã —Ç–∞–∫–∏–µ —Å–º–µ—à–Ω—ã–µ –∏ –∂–∞–ª–∫–∏–µ) —Å–ª–∞–¥–∫–∏—Ö —Å–Ω–æ–≤ –≤—Å–µ–º)",—Å –£–∫—Ä–∞–∏–Ω—ã,–ö–∏–µ–≤,None,–£–∫—Ä–∞–∏–Ω–∞,2
0,82559544.0,2304696.0,–í–µ—Ä–∫–∞ —Å –§–∏–Ω–ª—è–Ω–¥–∏–∏,—Å –§–∏–Ω–ª—è–Ω–¥–∏–∏,–°–ª–∞–≤—É—Ç–∏—á,None,–£–∫—Ä–∞–∏–Ω–∞,2
0,82569483.0,1599789.0,"–†–µ–±—è—Ç, —Å –†–æ—Å—Å–∏–∏, —Ä–µ–∞–ª—å–Ω–æ –ï–≤—Ä–æ–≤–∏–¥–µ–Ω–∏–µ –Ω–µ –¥–ª—è –≤–∞—Å, –≤–∞—à–µ –¥–µ–ª–æ –≤–æ–µ–Ω–Ω–æ–µ, –≤ —ç—Ç–æ–º –≤–∞—à–∞ —Å—Ç—Ä–∞–Ω–∞ –ø—Ä–∏—É—Å–ø–µ–≤–∞–µ—Ç",—Å –†–æ—Å—Å–∏–∏,–ö–∏–µ–≤,None,–£–∫—Ä–∞–∏–Ω–∞,1
0,84162347.0,2235518.0,"–ñ–∞–ª–∫–æ –Æ–ª—é. –•–æ—Ç—å —è –∏ —Å –£–∫—Ä–∞–∏–Ω—ã, –≤—Å—ë —Ä–∞–≤–Ω–æ —Ö–æ—Ç–µ–ª –≤–∏–¥–µ—Ç—å –µ—ë –Ω–∞ —Å—Ü–µ–Ω–µ.",—Å –£–∫—Ä–∞–∏–Ω—ã,–í–∏–Ω–Ω–∏—Ü–∞,16,–£–∫—Ä–∞–∏–Ω–∞,2
0,8416774.0,2336580.0,"[id144626906|–î–µ–Ω–∏—Å], —Å –£–∫—Ä–∞–∏–Ω—ã",—Å –£–∫—Ä–∞–∏–Ω—ã,–û–¥–µ—Å—Å–∞,23,–£–∫—Ä–∞–∏–Ω–∞,1
0,87024095.0,380162.0,–ê –∫—Ç–æ —Ç–æ —Å –£–∫—Ä–∞–∏–Ω—ã –≤ –ü–µ—Ä–µ–º—ã—à–ª—å –Ω–∞ –∏–Ω—Ç–µ—Ä—Å–∏—Ç–∏ –µ–∑–¥–∏–ª ?,—Å –£–∫—Ä–∞–∏–Ω—ã,–ö–∏–µ–≤,27,–£–∫—Ä–∞–∏–Ω–∞,2
0,87199354.0,1786328.0,–ø–æ—Ä–∂–∞–ª —Å –≠—Å—Ç–æ–Ω–∏–∏,—Å –≠—Å—Ç–æ–Ω–∏–∏,None,20,–£–∫—Ä–∞–∏–Ω–∞,2
0,87226435.0,2257517.0,"–í–Ω–∏–º–∞–Ω–∏–µ –∞–¥–µ–∫–≤–∞—Ç–Ω—ã–º –≥—Ä–∞–∂–¥–∞–Ω–∞–º –†–æ—Å—Å–∏–∏, –∫–æ—Ç–æ—Ä—ã–µ —Ö–æ—Ç—è—Ç –µ–≥–æ —Å–º–æ—Ç—Ä–µ—Ç—å, –Ω–µ —Å–º–æ—Ç—Ä—è –Ω–∞ –æ—Ç–∫–∞–∑ –†–§ —Ç—Ä–∞–Ω—Å–ª–∏—Ä–æ–≤–∞—Ç—å –∫–æ–Ω–∫—É—Ä—Å –ø–æ–∫–∞–∑—É—à–Ω–æ, —á—Ç–æ–±—ã –Ω–∏–∫—Ç–æ –Ω–µ —É–≤–∏–¥–µ–ª –∫–∞–∫ –ö–∏–µ–≤ —É—Å–ø–µ—à–Ω–æ –ø–æ–¥–≥–æ—Ç–æ–≤–∏–ª—Å—è –∏ –Ω–µ –¥–∞—é—Ç –ª—é–¥—è–º –≤–æ–∑–º–æ–∂–Ω–æ—Å—Ç—å –µ–≥–æ —É–≤–∏–¥–µ—Ç—å, –≤—ã –º–æ–∂–µ—Ç–µ —Å–º–æ—Ç—Ä–µ—Ç—å –ï–≤—Ä–æ–≤–∏–¥–µ–Ω–∏–µ 2017 –æ–Ω–ª–∞–π–Ω –≤ –ø—Ä—è–º–æ–º —ç—Ñ–∏—Ä–µ —Å –ö–∏–µ–≤–∞ –ø–æ —Å—Å—ã–ª–∫–µ
http://1tv.com.ua/live —ç—Ç–æ –æ—Ñ–∏—Ü–∏–∞–ª—å–Ω—ã–π —Ç–µ–ª–µ–∫–∞–Ω–∞–ª –£–∫—Ä–∞–∏–Ω—ã, –∫–æ—Ç–æ—Ä—ã–π —Ç—Ä–∞–Ω—Å–ª–∏—Ä—É–µ—Ç –∫–æ–Ω–∫—É—Ä—Å!
–ö–∏–µ–≤—Å–∫–æ–µ –≤—Ä–µ–º—è, —Ç–∞–∫–æ–µ –∂–µ –∫–∞–∫ –∏ –º–æ—Å–∫–æ–≤—Å–∫–æ–µ.
–í–∫–ª—é—á–∞–π—Ç–µ –ø—Ä—è–º—ã–µ —ç—Ñ–∏—Ä—ã:
9 –ú–∞—è –≤ 22:00
11 –ú–∞—è –≤ 22:00
13 –ú–∞—è –≤ 22:00.
–ü—Ä–∏—è—Ç–Ω–æ–≥–æ –ø—Ä–æ—Å–º–æ—Ç—Ä–∞ –∏ –æ—Ç–ª–∏—á–Ω–æ–≥–æ –Ω–∞—Å—Ç—Ä–æ–µ–Ω–∏—è –≤—Å–µ–º, –∫—Ç–æ –Ω–µ –º–æ–∂–µ—Ç —Å–º–æ—Ç—Ä–µ—Ç—å –ø–æ –¢–í.",—Å –ö–∏–µ–≤–∞,–ß–µ—Ä–∫–∞—Å—Å—ã,None,–£–∫—Ä–∞–∏–Ω–∞,2
0,87392883.0,2124285.0,"–í–ª–∞–¥–∏—Å–ª–∞–≤, —Ç–∞–∫ —è –∏ –Ω–µ –≥–æ–≤–æ—Ä—é —á—Ç–æ –º–æ–∂–Ω–æ –≥–æ–ª–æ—Å–æ–≤–∞—Ç—å –∑–∞ —Å–≤–æ—é —Å—Ç—Ä–∞–Ω—É. –Ø –≥–æ–≤–æ—Ä—é,—á—Ç–æ –£–∫—Ä–∞–∏–Ω–∞ –º–æ–∂–µ—Ç —Å–Ω–æ–≤–∞ –ø–æ–±–µ–¥–∏—Ç—å.–∞ —Ç–æ —á—Ç–æ –≥–æ–≤–æ—Ä—è—Ç,–Ω–µ –∏–Ω—Ç–µ—Ä–µ—Å–Ω–æ –∫–∞–∫-—Ç–æ –≤–æ–æ–±—â–µ. –° –†–æ—Å—Å–∏–∏ –º–Ω–æ–≥–∏–µ —Å–ª—é–Ω–æ–π –¥–∞–≤—è—Ç—Å—è,–∫—Ä–∏—á–∞–ª–∏ —Å –Ω–∞—á–∞–ª–∞ —á—Ç–æ –Ω–µ —Å–ø—Ä–∞–≤–µ–¥–ª–∏–≤–æ –ø–æ–±–µ–¥–∏–ª–∞ –î–∂–∞–º–∞–ª–∞,—Ç–µ–ø–µ—Ä—å –∫—Ä–∏—á–∞—Ç,—á—Ç–æ –ï–≤—Ä–æ–≤–∏–¥–µ–Ω–∏–µ 2017 –Ω–µ –ø—Ä–æ–π–¥–µ—Ç –Ω–∞ –£–∫—Ä–∞–∏–Ω–µ –≤–æ–æ–±—â–µ –∏–ª–∏ –ø—Ä–æ–π–¥–µ—Ç –Ω–µ –∫—Ä–∞—Å–∏–≤–æ. –ù—É,–Ω–∏–∫–æ–≥–æ –∑–∞ —É—à–∏ –Ω–µ —Ç–∞—â–∏–º —É—á–∞—Å—Ç–≤–æ–≤–∞—Ç—å,–º–æ–≥—É—Ç –∏ –Ω–µ —É—á–∞—Å—Ç–≤–æ–≤–∞—Ç—å...–Ω–∏—á–µ–≥–æ –Ω–µ —Ç–µ—Ä—è–µ–º. –ê —Ç–æ —á—Ç–æ –ï–≤—Ä–æ–≤–∏–¥–µ–Ω–∏–µ –ø—Ä–æ–π–¥–µ—Ç –Ω–∞ 100%-–Ω–æ–º —É—Ä–æ–≤–Ω–µ,—è —É–≤–µ—Ä–µ–Ω.",–° –†–æ—Å—Å–∏–∏,–õ—å–≤–æ–≤,None,–£–∫—Ä–∞–∏–Ω–∞,2
0,87708292.0,151692.0,"–ö—Ç–æ —Å –ö–∏–µ–≤–∞, –ø–æ–¥—Å–∫–∞–∂–∏—Ç–µ –ø–æ–∂–∞–ª—É–π—Å—Ç–æ,  –≥–¥–µ —ç—Ç–æ—Ç —Ä–∞–π–æ–Ω,  —á—Ç–æ —ç—Ç–æ –∑–∞ —É–ª–∏—Ü–∞? –¢—É—Ç –ø–æ–º–∏–Ω–∞—é—Ç –ß–µ—Å—Ç–µ—Ä–∞.",—Å –ö–∏–µ–≤–∞,–ö–∏–µ–≤,None,–£–∫—Ä–∞–∏–Ω–∞,1
0,88029915.0,2123763.0,"[id189244369|–ò–≥–æ—Ä—å], –ø—Ä—è–º –∫–∞–∫ –ö–∞–∑–∞–∫–∏ —Å –£–∫—Ä–∞–∏–Ω—ãüòÜ —Ç–æ–≥–¥–∞ —É–∂–µ —Å—Ä–∞–∑—É –æ—Ç –£–∫—Ä–∞–∏–Ω—ã –∏—Ö —Ç–æ–∂–µ –æ—Ç–ø—Ä–∞–≤–ª—è—Ç—å. –ú—É–∂–∏–∫–∏ –Ω–∞ –∫–∞–±–ª—É–∫–∞—Ö –±—É–¥—É—Ç —Ç–µ–º–æ–π —ç—Ç–æ–≥–æ –µ–≤—Ä–æ",—Å –£–∫—Ä–∞–∏–Ω—ã,–î–Ω–µ–ø—Ä–æ–ø–µ—Ç—Ä–æ–≤—Å–∫ (–î–Ω–µ–ø—Ä),None,–£–∫—Ä–∞–∏–Ω–∞,2
0,8814329.0,1891993.0,"""–° –£–∫—Ä–∞–∏–Ω—ã""!!!! üò≥–ú–æ–∂–µ—Ç –±—ã—Ç—å ""–∏–∑ –£–∫—Ä–∞–∏–Ω—ã""‚òù",–° –£–∫—Ä–∞–∏–Ω—ã,–•–∞—Ä—å–∫–æ–≤,None,–£–∫—Ä–∞–∏–Ω–∞,1
0,88603364.0,1521716.0,"[id50737803|–û–ª—å–≥–∞], –∫–∞–∫ —Ç–∞–∫?–Ø —Å –ö—Ä—ã–º–∞ –∏ —Å–º–æ—Ç—Ä–µ–ª.",—Å –ö—Ä—ã–º–∞,–°–∞–∫–∏,21,–£–∫—Ä–∞–∏–Ω–∞,2
0,95182967.0,1628787.0,"[id311128028|–ú–∞—Ä–ª–µ–Ω], –≥–æ–ª–æ—Å–æ–≤–∞—Ç—å –º–æ–≥—É—Ç –≤—Å–µ. –Ø –≤–æ—Ç —Å –£–∫—Ä–∞–∏–Ω—ã –∏ –º–æ–π –≥–æ–ª–æ—Å –∑–∞—Å—á–∏—Ç–∞–ª–∏. +–≥–æ–ª–æ—Å–æ–≤–∞—Ç—å –º–æ–∂–Ω–æ –º–Ω–æ–≥–æ —Ä–∞–∑.",—Å –£–∫—Ä–∞–∏–Ω—ã,–ö–∏–µ–≤,None,–£–∫—Ä–∞–∏–Ω–∞,2
0,95318153.0,2075372.0,"[id179659843|–í—ñ–∫—Ç–æ—Ä], —Ç—ã —Å –£–∫—Ä–∞–∏–Ω—ã?",—Å –£–∫—Ä–∞–∏–Ω—ã,–ö–∏–µ–≤,None,–£–∫—Ä–∞–∏–Ω–∞,2
0,96104778.0,2093356.0,"[id243170657|Ekaterina], –∞ —è —Å–º–æ—Ç—Ä—é –≤—ã —Å –£–∫—Ä–∞–∏–Ω—ã !? –∏ –≤–∏–¥–∏—Ç–µ –≤—Å—é ""—Ä–∞–∑—Ä—É—Ö—É""??
–≤—ã–∫–∏–Ω—å—Ç–µ —Ç–µ–ª–µ–≤–∏–∑–æ—Ä –∏ –æ—Ç–∫–ª—é—á–∏—Ç–µ –∏–Ω—Ç–µ—Ä–Ω–µ—Ç! –∏ –ø—Ä–∏–µ–∑–∂–∞–π—Ç–µ –≤ –£–∫—Ä–∞–∏–Ω—É –ø–æ—Å–º–æ—Ç—Ä–∏—Ç–µ –Ω–∞ ""—Ä–∞–∑—Ä—É—Ö—É""!",—Å –£–∫—Ä–∞–∏–Ω—ã,–Ø–ª—Ç–∞,20,–£–∫—Ä–∞–∏–Ω–∞,2
0,96412306.0,2213738.0,"[id372253800|–ö–∞—Ç—Ä–∏–Ω], —É –≤–∞—Å –Ω–µ–ø—Ä–∞–≤–∏–ª—å–Ω–∞—è –∏–Ω—Ñ–æ—Ä–º–∞—Ü–∏—è. –û—Ç –∫—É–¥–∞ –≤—ã –µ—ë —á–µ—Ä–ø–∞–µ—Ç–µ? –ú–Ω–µ –Ω–∞–ø—Ä–∏–º–µ—Ä —Ä–∞—Å—Å–∫–∞–∑—ã–≤–∞–ª–∏ –¥—Ä—É–∑—å—è —Å –ì—Ä—É–∑–∏–∏ –∂–∏–≤—É—â–∏–µ –≤ –ë–∞—Ç—É–º–∏, –∫–∞–∫ —á—Ç–æ –±—ã–ª–æ. –ê –≤–∞–º –∫—Ç–æ? –ï–≥–æ —Å–µ–π—á–∞—Å –Ω–µ –ª—é–¥–∏ –ø—Ä–µ—Å–ª–µ–¥—É—é—Ç, –∞ –≤–ª–∞—Å—Ç—å –ì—Ä—É–∑–∏–∏, —Ç–∞ –∫–æ—Ç–æ—Ä–æ–π —É–¥–æ–±–Ω–æ —á—Ç–æ–± –≤ —Å—Ç—Ä–∞–Ω–µ –±—ã–ª–∞ –∫–æ—Ä—É–ø—Ü–∏—è, —É–¥–æ–±–Ω–æ –≥—Ä–∞–±–∏—Ç—å –ª—é–¥–µ–π. –ù–æ –ª—é–¥–∏ –∑–∞ –Ω–µ–≥–æ, –∏ —ç—Ç–æ –Ω–µ —É–¥–∏–≤–∏—Ç–µ–ª—å–Ω–æ.",—Å –ì—Ä—É–∑–∏–∏,–ù–∏–∫–æ–ª–∞–µ–≤,None,–£–∫—Ä–∞–∏–Ω–∞,1
0,98008121.0,2186650.0,"[id301215499|Mister], –∞ –∫–∞–∫ –∂–µ —Ñ—Å–µ ""–∫—É–ø–ª–µ–Ω–æ"", —Ñ—Å–µ ""–ø–æ–ª–∏—Ç–∏–∑–∏—Ä–æ–≤–∞–Ω–æ"", —Å–≤–æ–µ ""–∞–ª—å—Ç–µ—Ä–Ω–∞—Ç–∏–≤–Ω–æ–µ –¥–æ–±—Ä–æ–≤–∏–¥–µ–Ω–∏–µ"". –Ø —Ä–µ–∞–ª—å–Ω–æ —Ä–∂—É —Å –†–æ—Å—Å–∏–∏. –ö–∞–∂–¥—ã–π –≥–æ–¥ –ø–æ—Å–ª–µ –∏—Ç–æ–≥–æ–≤ –Ω—ã—Ç—å, —á—Ç–æ –≤—Å–µ –Ω–µ—á–µ—Å—Ç–Ω–æ , —á—Ç–æ –±–µ–¥–Ω—É—é —Ä–æ—Å–º–∏—é—à–∫—É —Å–Ω–æ–≤–∞ –∑–∞—Å—É–¥–∏–ª–∏ –∏ –∫–∞–∂–¥—ã–π –≥–æ–¥ —Å–Ω–æ–≤–∞ –ø–æ–¥—Ç–≤–µ—Ä–∂–¥–∞—Ç—å —Å–≤–æ–µ —É—á–∞—Å—Ç–∏–µ. –≠—Ç–æ —Ç–∞–∫–æ–µ —Å–∞–¥–æ–º–∞–∑–æ –∏–ª–∏ –∏—Å—Ç–µ—Ä–∏–∫–∏ –ø—Ä–æ ""–≤—Å–µ –ø–æ–ª–∏—Ç–∏–∑–∏—Ä–æ–≤–∞–Ω–æ"" –ª–∏—à—å –ø—ã–ª—å?",—Å –†–æ—Å—Å–∏–∏,–°–∞–∫–∏,None,–£–∫—Ä–∞–∏–Ω–∞,2
0,98935926.0,1808982.0,"–ë–æ–∂–µ, —Ä–µ–±—è—Ç–∞, –≤—ã —Å–µ—Ä—å–µ–∑–Ω–æ, –¥–∞ —è —Å –£–∫—Ä–∞–∏–Ω—ã, –Ω–æ –õ–∞–∑–∞—Ä–µ–≤–∞ —è –Ω–µ –∑–∞—Å—ã—Ä–∞—é –∏ –Ω–∏—á–µ–≥–æ –ø–ª–æ—Ö–æ–≥–æ –Ω–µ –≥–æ–≤–æ—Ä—é, –ø—Ä–æ—Å—Ç–æ —ç—Ç–æ –æ—á–µ–≤–∏–¥–Ω–æ —á—Ç–æ —ç—Ç–æ –ø—Ä–æ—à–ª–æ–≥–æ–¥–Ω–∏–π –Ω–æ–º–µ—Ä, —É—Å–æ–≤–µ—Ä—à–µ–Ω—Å—Ç–≤–æ–≤–∞–Ω–Ω—ã–π, –≤–æ—Ç –∏ –≤—Å–µ",—Å –£–∫—Ä–∞–∏–Ω—ã,–ö–∏–µ–≤,19,–£–∫—Ä–∞–∏–Ω–∞,2
